# TM_Collision_Detection, generated by IPGRoad  13.1.1 2024-07-11 (win64)
#
# Statistic:
# areas: 1 vertices: 1909 triangles: 3271
# artificially generated terrain model
#
### BEGIN IPG-MOVIE-INFO
#Texture standard 0.005000 0.007000
#FR0_Range -100.000 -378.700 -73.25 790.243 410.114 174.22
#CullFace
### END IPG-MOVIE-INFO
mtllib TM_Collision_Detection.mtl
v 300.900 -28.531 -0.008
v 291.007 -50.432 0.034
v 314.327 -47.037 -0.005
v 290.049 94.205 0.141
v 298.840 94.662 0.035
v 299.865 99.872 0.031
v 324.212 109.311 -0.070
v 319.616 111.276 -0.025
v 320.750 107.312 -0.018
v 302.860 96.983 0.009
v 302.165 101.200 0.007
v 250.300 37.220 0.655
v 247.864 69.850 2.343
v 220.394 32.614 1.977
v 180.042 4.050 0.624
v 188.382 -4.050 0.188
v 191.376 4.050 0.180
v 424.843 17.841 -0.040
v 414.495 46.041 -0.227
v 396.155 27.757 -0.022
v 384.138 50.948 -0.104
v 323.875 -26.813 -0.023
v 494.787 -48.638 0.051
v 500.949 -42.261 0.092
v 494.591 -41.862 0.015
v 194.060 -2.250 0.055
v 425.963 -66.522 2.376
v 432.785 -47.778 0.333
v 410.526 -39.841 0.258
v 393.844 -51.168 0.445
v 316.697 46.544 -0.000
v 300.900 39.254 0.027
v 323.875 25.938 0.000
v 300.900 21.877 0.004
v 359.644 71.339 -0.085
v 376.700 81.187 -0.575
v 350.119 96.872 -0.327
v 322.654 -79.243 0.075
v 321.626 -88.223 0.406
v 331.745 -85.996 0.182
v 456.330 -60.113 0.964
v 250.300 -23.798 0.013
v 250.300 -43.097 0.109
v 277.175 -28.175 0.012
v 327.675 -77.746 0.024
v 406.119 12.264 -0.003
v 379.254 33.637 -0.011
v 367.348 52.123 -0.045
v 491.402 -45.491 0.009
v 232.944 -21.483 0.030
v 220.394 -33.032 0.199
v 250.300 20.860 0.209
v 232.944 21.314 0.437
v 195.512 2.250 0.055
v 201.569 -24.933 0.142
v 217.256 -18.895 0.038
v 217.256 18.688 0.472
v 201.569 24.816 0.991
v 283.475 18.704 0.020
v 274.025 29.424 0.132
v 312.525 60.618 0.000
v 298.783 63.597 0.038
v 324.228 -52.753 -0.004
v 329.440 -39.344 -0.009
v 345.912 83.532 -0.057
v 476.944 -71.472 1.763
v 481.580 -58.734 0.252
v 468.443 -53.915 0.284
v 451.035 -47.579 0.185
v 267.725 -18.171 0.002
v 300.900 -16.515 -0.007
v 314.725 -17.480 -0.018
v 314.725 17.117 -0.000
v 390.223 -21.876 0.009
v 388.771 -32.040 0.046
v 401.229 -28.691 0.051
v 326.925 -15.813 -0.026
v 339.125 -19.606 -0.019
v 328.570 36.980 -0.001
v 422.076 -35.628 0.068
v 354.993 -70.515 0.126
v 365.033 -76.312 0.711
v 362.575 -58.475 0.082
v 374.057 -54.235 0.253
v 489.210 -48.436 0.016
v 491.342 -41.638 0.003
v 305.835 108.251 0.003
v 301.640 108.316 0.019
v 303.229 105.564 0.007
v 416.058 2.880 0.001
v 429.049 1.877 0.001
v 204.706 -14.897 0.030
v 368.921 38.540 -0.010
v 204.706 14.840 0.262
v 351.116 66.416 -0.012
v 357.611 57.370 -0.015
v 326.355 -74.632 0.008
v 323.144 -74.482 0.012
v 196.966 -0.450 0.021
v 378.731 22.735 -0.002
v 390.608 15.813 -0.002
v 300.267 79.002 0.039
v 309.217 73.258 0.004
v 250.300 -14.149 0.003
v 239.219 -14.078 0.008
v 226.669 -14.078 0.014
v 338.517 -30.093 -0.011
v 226.669 14.005 0.222
v 250.300 12.680 0.065
v 239.219 14.005 0.141
v 328.990 -75.468 0.005
v 336.075 18.636 -0.000
v 326.925 14.447 -0.000
v 264.575 18.704 0.069
v 274.025 14.658 0.025
v 371.475 29.146 -0.002
v 337.874 89.803 -0.058
v 336.462 99.900 -0.126
v 460.995 -47.294 0.168
v 475.432 -7.631 0.033
v 463.343 -13.763 0.014
v 470.803 -20.349 0.008
v 480.751 -20.099 0.007
v 286.625 -18.171 0.000
v 277.175 -14.511 0.001
v 361.851 45.326 -0.006
v 423.367 -4.561 0.003
v 337.418 27.597 -0.000
v 411.113 -29.055 0.042
v 489.611 -43.881 0.002
v 365.098 -49.062 0.037
v 371.987 -42.172 0.033
v 336.075 -12.284 -0.020
v 382.775 -20.861 0.005
v 379.378 -27.185 0.009
v 300.900 13.188 0.001
v 289.775 12.912 0.004
v 344.203 75.271 -0.020
v 436.196 -38.405 0.050
v 447.092 -40.358 0.073
v 325.027 -72.733 0.002
v 261.425 -12.696 0.002
v 197.374 11.936 0.273
v 339.125 11.815 -0.000
v 344.741 17.333 -0.000
v 306.062 106.058 0.002
v 214.119 -11.954 0.013
v 408.438 0.290 0.001
v 400.101 4.903 0.000
v 214.119 11.854 0.156
v 316.770 66.706 -0.001
v 473.565 -48.868 0.080
v 331.916 -79.300 0.027
v 336.236 -82.849 0.054
v 429.540 -33.468 0.039
v 488.495 -46.348 0.003
v 349.973 -67.617 0.019
v 355.498 -61.635 0.026
v 336.673 -39.897 -0.005
v 324.230 50.893 -0.001
v 329.240 44.613 -0.001
v 357.709 -17.625 0.000
v 359.278 -14.908 0.000
v 356.455 -13.689 -0.001
v 317.775 -11.259 -0.017
v 370.103 -21.158 0.000
v 368.534 -23.875 0.000
v 374.478 -24.575 0.002
v 387.580 -11.768 0.000
v 385.210 -12.252 0.000
v 387.457 -17.200 0.002
v 317.775 11.085 -0.000
v 400.372 -21.873 0.010
v 486.310 -46.032 0.000
v 486.122 -45.963 0.000
v 486.074 -46.388 0.001
v 487.296 -47.060 0.003
v 196.775 -4.050 0.022
v 197.983 -2.250 0.012
v 200.000 0.900 0.000
v 200.000 1.800 0.000
v 197.983 1.350 0.015
v 197.418 4.050 0.037
v 424.772 -23.634 0.000
v 421.824 -22.560 0.000
v 421.109 -29.111 0.017
v 308.625 12.145 0.000
v 354.416 -48.330 0.000
v 352.847 -51.047 0.000
v 359.151 -52.875 0.015
v 360.691 -37.461 0.000
v 359.122 -40.178 0.000
v 365.426 -42.006 0.009
v 344.613 -26.367 -0.008
v 347.748 -17.308 -0.006
v 197.312 -11.980 0.054
v 350.000 -4.500 0.000
v 349.800 -4.500 0.000
v 349.900 -4.901 -0.000
v 320.966 58.217 -0.002
v 489.200 -37.506 0.000
v 489.388 -37.574 0.000
v 489.431 -37.165 0.000
v 489.851 -36.010 0.000
v 489.572 -36.778 0.000
v 490.483 -37.329 0.000
v 280.325 11.411 0.008
v 341.225 38.853 0.000
v 339.657 41.570 0.000
v 335.021 37.082 -0.000
v 338.262 82.752 -0.022
v 366.169 20.648 0.000
v 367.738 17.931 0.000
v 372.333 22.395 -0.000
v 370.408 15.673 0.000
v 456.255 -42.263 0.069
v 349.800 4.500 0.000
v 350.000 4.500 0.000
v 349.900 4.896 -0.000
v 463.941 -21.147 0.005
v 270.875 -11.364 0.000
v 383.888 4.486 0.000
v 386.679 2.382 0.000
v 389.389 8.879 -0.000
v 329.975 -10.465 -0.018
v 381.896 15.734 -0.000
v 232.944 -11.216 0.008
v 356.951 -8.369 0.000
v 355.701 -7.254 0.000
v 354.188 -10.211 -0.001
v 357.213 10.781 0.000
v 356.913 11.681 0.000
v 355.346 10.659 -0.000
v 357.151 9.829 0.000
v 356.780 8.861 0.000
v 232.944 11.194 0.137
v 356.757 36.951 0.000
v 358.326 34.234 0.000
v 362.729 38.588 -0.002
v 359.894 31.517 0.000
v 361.463 28.800 0.000
v 365.867 33.153 -0.001
v 488.773 -39.266 0.000
v 488.465 -40.112 0.000
v 490.223 -40.272 0.001
v 488.157 -40.957 0.000
v 487.849 -41.803 0.000
v 489.607 -41.964 0.001
v 329.116 -72.550 0.000
v 328.337 -72.100 0.000
v 327.883 -73.786 0.002
v 305.192 103.064 0.000
v 305.972 103.514 0.000
v 304.747 104.735 0.002
v 348.913 50.537 0.000
v 350.482 47.820 0.000
v 354.731 52.084 -0.005
v 351.593 57.518 -0.004
v 301.000 -4.500 0.000
v 300.800 -4.500 0.000
v 300.900 -4.867 -0.000
v 427.850 -15.176 0.000
v 430.799 -16.249 0.000
v 431.294 -10.301 0.002
v 435.979 -6.602 0.004
v 433.747 -17.323 0.000
v 436.695 -18.396 0.000
v 437.191 -12.447 0.002
v 443.050 -19.575 0.000
v 443.416 -18.570 0.000
v 442.016 -19.485 0.000
v 349.965 10.965 -0.000
v 349.900 7.732 -0.000
v 352.462 7.947 -0.000
v 353.504 10.337 -0.000
v 416.774 -4.327 0.003
v 317.538 79.881 0.000
v 315.963 82.608 0.000
v 311.890 78.438 0.001
v 320.688 74.425 0.000
v 319.113 77.153 0.000
v 315.040 72.982 -0.000
v 300.900 5.583 0.000
v 300.900 6.671 0.000
v 299.889 5.310 0.000
v 329.881 54.156 -0.000
v 330.824 54.700 -0.000
v 330.555 55.713 -0.000
v 443.891 -20.167 0.000
v 331.565 53.963 -0.000
v 209.413 -4.500 0.000
v 206.275 -4.500 0.000
v 207.844 -10.054 0.009
v 345.159 -39.362 0.000
v 346.728 -36.645 0.000
v 341.138 -35.229 -0.004
v 345.003 -64.632 0.000
v 344.903 -64.806 0.000
v 345.259 -64.896 0.000
v 206.275 4.500 0.000
v 209.413 4.500 0.000
v 207.844 10.027 0.081
v 200.000 -4.500 0.000
v 200.000 -3.600 0.000
v 198.419 -4.050 0.007
v 300.900 -10.507 -0.003
v 308.625 -12.277 -0.009
v 303.315 101.865 0.003
v 304.213 100.976 0.002
v 322.350 4.500 0.000
v 325.400 4.500 0.000
v 323.875 9.824 -0.000
v 328.450 4.500 0.000
v 331.500 4.500 0.000
v 329.975 9.824 -0.000
v 398.237 -13.976 0.000
v 395.289 -12.903 0.000
v 394.888 -18.593 0.003
v 334.078 -58.556 0.000
v 334.178 -58.382 0.000
v 333.827 -58.295 -0.000
v 301.891 5.310 0.000
v 343.700 -4.500 0.000
v 340.650 -4.500 0.000
v 342.175 -10.633 -0.009
v 269.300 4.500 0.000
v 272.450 4.500 0.000
v 270.875 9.945 0.010
v 331.031 -47.508 -0.004
v 326.788 88.858 0.000
v 328.363 86.131 0.000
v 332.257 90.197 -0.025
v 468.714 -39.627 0.000
v 465.813 -38.571 0.000
v 465.456 -44.066 0.064
v 468.891 -30.114 0.000
v 471.793 -31.170 0.000
v 472.147 -25.682 0.003
v 281.900 -4.500 0.000
v 278.750 -4.500 0.000
v 280.325 -9.877 0.000
v 342.872 23.500 -0.000
v 418.875 -21.487 0.000
v 415.927 -20.414 0.000
v 415.602 -25.894 0.010
v 412.979 -19.341 0.000
v 410.031 -18.268 0.000
v 409.705 -23.748 0.011
v 220.394 -10.703 0.011
v 220.394 10.687 0.147
v 200.000 -0.900 0.000
v 200.000 0.000 0.000
v 198.517 -0.450 0.007
v 200.000 -1.800 0.000
v 250.300 -5.703 0.000
v 250.300 -6.911 0.000
v 251.352 -5.400 0.000
v 243.925 -4.500 0.000
v 240.788 -4.500 0.000
v 242.356 -9.675 0.002
v 249.250 -5.400 0.000
v 333.513 -58.114 -0.000
v 333.358 -58.745 -0.000
v 332.892 -57.756 -0.000
v 333.628 -59.335 0.000
v 240.788 4.500 0.000
v 243.925 4.500 0.000
v 242.356 9.641 0.046
v 343.652 62.106 -0.000
v 344.719 62.722 -0.001
v 342.854 62.871 -0.000
v 345.577 -65.079 0.000
v 345.104 -65.530 0.000
v 344.453 -65.585 0.000
v 346.206 -65.442 0.000
v 343.914 61.035 -0.000
v 398.367 -4.445 0.000
v 401.316 -5.519 0.000
v 401.580 -0.206 0.000
v 404.264 -6.592 0.000
v 395.419 -3.372 0.000
v 486.761 -46.587 0.001
v 485.928 -46.790 0.002
v 304.513 102.440 0.000
v 304.413 102.614 0.000
v 304.184 102.366 0.001
v 305.463 100.795 0.000
v 304.988 101.618 0.000
v 303.892 102.198 0.002
v 304.351 101.740 0.001
v 438.755 -31.375 0.004
v 439.182 -30.202 0.001
v 438.288 -29.544 0.001
v 389.525 0.360 0.000
v 392.435 -1.563 0.000
v 394.145 4.187 0.000
v 440.281 -30.269 0.001
v 349.900 5.304 -0.000
v 350.554 5.100 -0.000
v 349.900 6.114 -0.000
v 351.046 4.623 0.000
v 200.000 2.700 0.000
v 200.000 3.600 0.000
v 198.591 3.150 0.009
v 200.000 4.500 0.000
v 344.363 33.418 0.000
v 342.794 36.135 0.000
v 339.356 32.339 -0.000
v 353.003 -25.777 0.000
v 354.572 -23.059 0.000
v 349.619 -22.012 -0.003
v 351.434 -28.494 0.000
v 323.875 -10.407 -0.020
v 376.126 -16.601 0.000
v 374.021 -18.070 0.000
v 377.687 -21.081 0.001
v 378.311 -15.240 0.000
v 336.218 -76.650 0.000
v 334.832 -75.850 0.000
v 334.305 -78.362 0.009
v 336.936 -80.154 0.011
v 333.446 -75.050 0.000
v 332.061 -74.250 0.000
v 331.534 -76.762 0.006
v 315.238 108.864 0.000
v 315.338 108.690 0.000
v 315.549 108.928 -0.001
v 333.961 -57.701 -0.000
v 334.570 -57.703 0.000
v 334.962 -57.024 0.000
v 439.701 -29.067 0.000
v 439.513 -28.999 0.000
v 439.505 -29.316 0.000
v 438.039 -28.462 0.000
v 438.776 -28.731 0.000
v 441.152 -29.595 0.000
v 440.427 -29.331 0.000
v 439.396 -29.614 0.001
v 438.936 -29.278 0.001
v 439.960 -29.651 0.001
v 352.051 45.103 0.000
v 353.619 42.385 0.000
v 356.930 46.108 -0.001
v 309.696 105.664 0.000
v 311.081 106.464 0.000
v 309.183 108.151 -0.001
v 312.467 107.264 0.000
v 313.853 108.064 0.000
v 311.955 109.751 -0.003
v 309.583 110.659 -0.006
v 382.867 -13.022 0.000
v 380.563 -14.033 0.000
v 383.214 -16.946 0.001
v 303.788 102.716 0.002
v 345.711 -64.480 0.000
v 345.788 -63.274 0.000
v 345.395 -63.953 0.000
v 357.553 -42.895 0.000
v 355.984 -45.612 0.000
v 360.822 -46.594 0.006
v 355.325 7.011 0.000
v 356.154 7.910 0.000
v 354.420 8.678 -0.000
v 354.347 6.199 0.000
v 228.238 -4.500 0.000
v 225.100 -4.500 0.000
v 226.669 -9.161 0.005
v 221.963 -4.500 0.000
v 231.375 -4.500 0.000
v 342.538 61.579 0.000
v 342.638 61.405 0.000
v 342.845 61.640 -0.000
v 341.751 62.943 0.000
v 342.144 62.261 0.000
v 343.423 60.047 0.000
v 343.030 60.726 0.000
v 343.117 61.797 -0.000
v 342.708 62.191 -0.000
v 343.253 61.247 -0.000
v 421.954 -13.030 0.000
v 424.902 -14.103 0.000
v 425.021 -9.189 0.002
v 225.100 4.500 0.000
v 228.238 4.500 0.000
v 226.669 9.123 0.078
v 231.375 4.500 0.000
v 221.963 4.500 0.000
v 285.050 4.500 0.000
v 288.200 4.500 0.000
v 286.625 9.148 0.003
v 281.900 4.500 0.000
v 291.350 4.500 0.000
v 294.500 4.500 0.000
v 292.925 9.148 0.001
v 484.672 -45.435 0.000
v 483.221 -44.907 0.000
v 484.600 -46.760 0.003
v 485.058 -49.181 0.012
v 485.637 -47.588 0.004
v 300.900 -5.247 -0.000
v 300.302 -5.057 -0.000
v 300.013 -4.500 0.000
v 300.900 -6.000 -0.000
v 299.225 -4.500 0.000
v 392.341 -11.830 0.000
v 389.961 -11.612 0.000
v 390.819 -15.352 0.001
v 250.400 -4.500 0.000
v 250.200 -4.500 0.000
v 250.300 -4.790 0.000
v 251.975 -4.500 0.000
v 251.188 -4.500 0.000
v 248.631 -4.500 0.000
v 249.416 -4.500 0.000
v 250.300 -5.098 0.000
v 250.842 -4.944 0.000
v 249.760 -4.944 0.000
v 337.813 69.763 0.000
v 339.388 67.035 0.000
v 342.578 70.695 -0.005
v 334.663 75.219 0.000
v 336.238 72.491 0.000
v 339.428 76.151 -0.010
v 333.088 77.947 0.000
v 487.234 -43.494 0.000
v 486.926 -44.340 0.000
v 488.312 -44.366 0.001
v 486.618 -45.186 0.000
v 348.275 -4.500 0.000
v 346.750 -4.500 0.000
v 348.656 -5.746 -0.000
v 349.900 -7.776 -0.001
v 349.900 -6.136 -0.000
v 345.567 -8.390 -0.003
v 305.309 -9.005 -0.004
v 448.405 -32.235 0.000
v 445.504 -31.179 0.000
v 445.421 -35.920 0.020
v 454.208 -34.347 0.000
v 451.307 -33.291 0.000
v 451.224 -38.032 0.033
v 457.109 -35.403 0.000
v 454.385 -24.834 0.000
v 457.286 -25.890 0.000
v 457.366 -21.158 0.003
v 460.187 -26.946 0.000
v 455.691 -16.732 0.007
v 448.582 -22.722 0.000
v 451.484 -23.778 0.000
v 451.563 -19.046 0.002
v 198.060 7.997 0.114
v 346.750 4.500 0.000
v 348.275 4.500 0.000
v 348.656 5.741 -0.000
v 266.150 -4.500 0.000
v 263.000 -4.500 0.000
v 264.575 -9.052 0.000
v 269.300 -4.500 0.000
v 259.850 -4.500 0.000
v 256.700 -4.500 0.000
v 258.275 -9.052 0.001
v 329.178 -55.611 -0.001
v 332.605 -52.040 -0.002
v 338.884 -50.231 0.000
v 340.453 -47.514 0.000
v 335.742 -46.606 -0.002
v 342.022 -44.797 0.000
v 337.315 -52.948 0.000
v 301.490 -5.057 -0.000
v 302.525 -4.500 0.000
v 301.763 -4.500 0.000
v 486.299 -36.450 0.000
v 487.750 -36.978 0.000
v 488.541 -35.931 0.000
v 490.409 -34.477 0.001
v 345.123 9.333 -0.000
v 340.650 4.500 0.000
v 343.700 4.500 0.000
v 197.597 -7.978 0.029
v 191.480 -9.555 0.100
v 175.089 -15.155 0.813
v 161.796 -4.050 1.987
v 149.617 -32.138 5.278
v 313.200 -4.500 0.000
v 310.150 -4.500 0.000
v 311.675 -8.837 -0.006
v 307.100 -4.500 0.000
v 316.250 -4.500 0.000
v 311.238 90.792 0.000
v 309.663 93.520 0.000
v 306.606 89.937 0.005
v 314.388 85.336 0.000
v 312.813 88.064 0.000
v 309.756 84.481 0.002
v 305.149 85.458 0.012
v 407.212 -7.665 0.000
v 410.161 -8.738 0.000
v 410.196 -4.053 0.001
v 413.109 -9.811 0.000
v 330.675 -73.450 0.000
v 329.896 -73.000 0.000
v 329.657 -74.313 0.001
v 300.900 8.843 0.000
v 305.575 8.779 0.000
v 303.371 7.429 0.000
v 310.150 4.500 0.000
v 313.200 4.500 0.000
v 311.675 8.779 -0.000
v 316.250 4.500 0.000
v 327.997 53.068 -0.001
v 325.536 57.218 -0.001
v 327.888 55.942 -0.000
v 326.988 63.513 0.000
v 325.413 66.241 0.000
v 322.386 62.674 -0.001
v 189.893 -21.594 0.237
v 338.527 -77.867 0.001
v 338.086 -77.613 0.001
v 337.958 -78.343 0.002
v 339.404 -78.374 0.005
v 325.206 103.591 -0.037
v 320.488 99.770 0.000
v 322.063 97.042 0.000
v 329.101 99.287 -0.054
v 480.033 -48.877 0.030
v 483.898 -52.366 0.048
v 480.320 -43.851 0.000
v 477.418 -42.795 0.000
v 488.917 -36.759 0.000
v 488.475 -37.242 0.000
v 349.284 5.100 -0.000
v 349.038 4.500 0.000
v 353.775 17.115 0.000
v 352.207 19.832 0.000
v 349.236 16.306 -0.000
v 191.022 -39.731 0.953
v 201.569 -54.530 1.185
v 166.568 -68.318 6.185
v 130.900 -56.363 15.130
v 318.151 105.811 -0.001
v 319.018 106.312 -0.004
v 317.554 106.342 -0.001
v 317.846 107.396 -0.003
v 316.288 107.045 0.000
v 316.763 106.222 0.000
v 349.900 -5.315 -0.000
v 349.279 -5.108 -0.000
v 349.038 -4.500 0.000
v 304.662 98.023 0.002
v 305.565 98.544 0.001
v 304.414 99.496 0.002
v 363.032 26.082 0.000
v 364.601 23.365 0.000
v 367.525 26.865 -0.000
v 358.840 -10.886 0.000
v 358.017 -9.590 0.000
v 356.602 -11.398 -0.000
v 353.391 -13.436 -0.002
v 304.050 -4.500 0.000
v 303.288 -6.854 -0.001
v 300.900 -7.503 -0.001
v 437.902 -33.719 0.012
v 433.624 -31.421 0.013
v 430.669 -25.780 0.000
v 427.720 -24.707 0.000
v 427.727 -29.275 0.013
v 351.278 -53.764 0.000
v 349.709 -56.481 0.000
v 354.202 -57.263 0.011
v 351.064 -62.697 0.006
v 348.141 -59.198 0.000
v 363.828 -32.027 0.000
v 362.259 -34.744 0.000
v 366.752 -35.526 0.004
v 371.186 -34.463 0.009
v 366.966 -26.592 0.000
v 365.397 -29.309 0.000
v 369.889 -30.092 0.002
v 485.402 -46.371 0.001
v 485.397 -45.699 0.000
v 250.300 8.589 0.021
v 255.742 10.634 0.032
v 334.550 4.500 0.000
v 337.600 4.500 0.000
v 336.075 8.634 -0.000
v 307.531 104.414 0.000
v 308.310 104.864 0.000
v 307.310 105.695 0.001
v 338.088 44.287 0.000
v 336.519 47.004 0.000
v 333.630 43.524 -0.000
v 330.492 48.959 -0.001
v 330.440 51.587 -0.000
v 305.402 99.350 0.001
v 305.938 99.972 0.000
v 354.323 -6.279 0.000
v 352.875 -5.473 0.000
v 352.432 -7.974 -0.001
v 298.438 -6.908 -0.001
v 297.650 -4.500 0.000
v 294.500 -4.500 0.000
v 327.328 -70.247 0.000
v 327.778 -69.468 0.000
v 326.553 -70.090 -0.000
v 325.087 -70.108 -0.000
v 325.960 -70.612 -0.000
v 325.785 -67.216 -0.000
v 323.344 -69.102 0.001
v 328.678 -67.909 0.000
v 330.478 -64.791 0.000
v 319.860 -67.090 0.003
v 338.603 -75.718 0.000
v 338.153 -76.497 0.000
v 338.682 -77.089 0.001
v 341.562 -76.316 0.012
v 341.158 -79.386 0.022
v 341.303 -71.041 0.000
v 339.503 -74.159 0.000
v 344.663 -81.410 0.088
v 263.000 4.500 0.000
v 266.150 4.500 0.000
v 264.575 8.687 0.011
v 489.081 -38.420 0.000
v 490.582 -38.821 0.000
v 338.653 -79.684 0.008
v 337.404 -78.835 0.003
v 347.462 -66.168 0.002
v 348.242 -63.785 0.002
v 346.572 -61.915 0.000
v 335.747 -55.665 0.000
v 333.299 -55.158 -0.000
v 331.654 -57.041 -0.000
v 342.656 119.959 -1.086
v 365.786 137.932 -6.798
v 329.789 140.001 -1.842
v 327.232 163.679 -4.920
v 182.765 -10.835 0.315
v 323.638 94.314 0.000
v 325.213 91.586 0.000
v 327.997 95.013 -0.020
v 331.813 55.155 0.000
v 331.713 55.329 0.000
v 331.538 55.112 -0.000
v 330.925 56.693 0.000
v 331.319 56.011 0.000
v 332.597 53.797 0.000
v 332.205 54.476 0.000
v 331.297 54.973 -0.000
v 331.157 55.495 -0.000
v 331.678 54.592 -0.000
v 314.090 109.253 -0.002
v 315.242 109.630 -0.003
v 300.800 4.500 0.000
v 301.000 4.500 0.000
v 300.900 4.759 0.000
v 299.225 4.500 0.000
v 300.013 4.500 0.000
v 302.525 4.500 0.000
v 301.763 4.500 0.000
v 300.900 5.037 0.000
v 300.378 4.898 0.000
v 301.412 4.898 0.000
v 489.930 -37.424 0.000
v 490.329 -38.088 0.000
v 491.501 -37.642 0.001
v 474.517 -41.739 0.000
v 471.616 -40.683 0.000
v 471.691 -44.990 0.040
v 480.497 -34.338 0.000
v 483.398 -35.394 0.000
v 483.319 -31.098 0.001
v 487.141 -32.206 0.001
v 491.525 -31.412 0.004
v 474.694 -32.226 0.000
v 477.595 -33.282 0.000
v 477.516 -28.986 0.001
v 481.440 -27.233 0.002
v 436.186 -31.055 0.005
v 288.200 -4.500 0.000
v 285.050 -4.500 0.000
v 286.625 -8.577 -0.000
v 289.775 -11.608 -0.001
v 291.350 -4.500 0.000
v 292.925 -8.577 -0.000
v 295.284 -14.182 -0.002
v 442.592 -20.542 0.000
v 442.780 -20.610 0.000
v 442.773 -20.337 0.000
v 441.118 -20.005 0.000
v 441.855 -20.274 0.000
v 444.230 -21.138 0.000
v 443.505 -20.874 0.000
v 442.866 -20.080 0.000
v 443.301 -20.384 0.000
v 348.297 -33.928 0.000
v 349.865 -31.211 0.000
v 345.604 -30.562 -0.004
v 332.841 107.864 -0.204
v 328.208 116.237 -0.242
v 315.825 109.087 -0.002
v 315.912 108.618 -0.001
v 315.576 108.279 0.000
v 315.813 107.868 0.000
v 316.368 109.401 -0.004
v 316.938 108.101 -0.002
v 275.600 4.500 0.000
v 278.750 4.500 0.000
v 277.175 8.494 0.005
v 317.732 104.544 0.000
v 318.126 103.862 0.000
v 318.293 105.061 -0.001
v 329.938 83.403 0.000
v 331.513 80.675 0.000
v 334.174 84.030 -0.012
v 462.912 -37.515 0.000
v 460.011 -36.459 0.000
v 460.127 -40.652 0.035
v 463.089 -28.002 0.000
v 465.990 -29.058 0.000
v 465.872 -24.868 0.002
v 275.600 -4.500 0.000
v 272.450 -4.500 0.000
v 274.025 -8.474 0.000
v 442.460 -20.078 0.000
v 442.223 -20.408 0.000
v 320.961 104.350 -0.007
v 318.913 102.498 0.000
v 251.188 4.500 0.000
v 251.975 4.500 0.000
v 251.034 5.262 0.002
v 250.300 6.543 0.006
v 250.300 5.519 0.002
v 248.631 4.500 0.000
v 249.416 4.500 0.000
v 249.567 5.262 0.002
v 306.513 98.976 0.000
v 306.413 99.150 0.000
v 306.249 98.939 0.000
v 306.018 98.806 0.000
v 305.934 99.217 0.000
v 306.175 99.561 0.000
v 306.321 98.548 0.000
v 306.907 98.294 0.000
v 306.710 98.635 0.000
v 237.650 -4.500 0.000
v 234.513 -4.500 0.000
v 236.081 -8.408 0.003
v 345.858 -68.475 0.003
v 345.770 -66.929 0.001
v 234.513 4.500 0.000
v 237.650 4.500 0.000
v 236.081 8.399 0.049
v 407.082 -17.195 0.000
v 404.134 -16.122 0.000
v 404.275 -20.321 0.006
v 305.949 97.177 0.001
v 308.088 96.248 0.000
v 307.300 97.612 0.000
v 305.622 93.498 0.004
v 373.074 13.400 0.000
v 375.745 11.129 0.000
v 377.220 15.570 -0.000
v 337.600 -4.500 0.000
v 334.550 -4.500 0.000
v 336.075 -8.243 -0.008
v 331.500 -4.500 0.000
v 253.007 7.242 0.009
v 253.550 4.500 0.000
v 256.700 4.500 0.000
v 378.431 8.876 0.000
v 381.142 6.656 0.000
v 382.526 11.111 -0.000
v 330.425 -59.565 -0.000
v 331.812 -58.869 -0.000
v 247.597 7.239 0.014
v 247.063 4.500 0.000
v 337.831 -89.903 0.333
v 341.982 -95.826 1.090
v 328.506 -100.855 1.353
v 310.034 -101.099 1.726
v 345.916 -126.939 8.268
v 250.200 4.500 0.000
v 250.400 4.500 0.000
v 250.300 4.742 0.001
v 250.300 5.005 0.001
v 250.671 4.874 0.001
v 250.794 4.500 0.000
v 249.930 4.874 0.001
v 249.808 4.500 0.000
v 198.675 -6.153 0.012
v 203.138 -4.500 0.000
v 202.508 -9.650 0.015
v 201.419 -6.995 0.009
v 302.148 114.637 0.032
v 293.540 122.345 0.211
v 292.255 112.251 0.215
v 277.066 119.314 1.432
v 285.538 143.405 1.867
v 245.607 117.150 6.016
v 267.698 105.426 1.526
v 337.703 -77.276 0.000
v 337.603 -77.450 0.000
v 337.861 -77.483 0.000
v 337.671 -77.940 0.001
v 336.443 -77.860 0.002
v 338.165 -77.215 0.000
v 337.928 -76.887 0.000
v 441.666 -33.770 0.010
v 303.545 103.186 0.003
v 302.990 102.602 0.004
v 302.641 103.699 0.006
v 295.111 -22.523 -0.004
v 288.949 -34.253 0.007
v 416.057 -10.884 0.000
v 419.005 -11.957 0.000
v 418.824 -7.869 0.002
v 326.398 -70.865 -0.000
v 325.884 -71.249 0.000
v 325.834 -71.888 0.000
v 324.544 -71.465 0.001
v 326.778 -71.200 0.000
v 326.878 -71.026 0.000
v 326.622 -70.994 -0.000
v 326.339 -71.371 0.000
v 326.701 -70.598 -0.000
v 327.103 -70.637 0.000
v 327.557 -71.650 0.000
v 326.837 -71.998 0.000
v 380.548 -37.385 0.054
v 317.238 105.400 0.000
v 317.338 105.226 0.000
v 317.493 105.431 -0.000
v 317.001 105.811 0.000
v 317.715 105.559 -0.001
v 317.410 105.832 -0.000
v 317.787 105.179 -0.000
v 317.535 104.885 0.000
v 315.503 109.326 -0.002
v 315.447 110.369 -0.005
v 315.826 109.866 -0.003
v 316.554 110.809 -0.008
v 314.606 111.408 -0.009
v 317.451 110.026 -0.010
v 318.005 111.567 -0.017
v 311.719 118.703 -0.117
v 320.347 119.931 -0.176
v 313.760 135.286 -0.807
v 328.994 128.119 -0.680
v 319.177 113.453 -0.036
v 319.572 115.638 -0.065
v 323.661 113.772 -0.082
v 316.471 115.070 -0.050
v 313.576 113.818 -0.027
v 316.366 112.937 -0.022
v 347.500 27.984 0.000
v 345.932 30.701 0.000
v 343.498 27.485 -0.000
v 350.638 22.550 0.000
v 349.069 25.267 0.000
v 346.636 22.050 -0.000
v 346.852 63.954 -0.003
v 347.563 60.299 -0.002
v 336.910 -77.050 0.000
v 337.065 -77.774 0.001
v 344.043 66.399 -0.003
v 218.825 -4.500 0.000
v 215.688 -4.500 0.000
v 217.256 -8.197 0.005
v 192.887 9.125 0.241
v 191.621 16.131 0.663
v 187.841 22.164 1.536
v 181.659 14.090 1.164
v 168.979 30.201 5.124
v 165.818 11.491 2.136
v 185.877 8.449 0.491
v 144.990 8.590 7.014
v 124.458 4.050 12.163
v 152.250 42.054 15.430
v 215.688 4.500 0.000
v 218.825 4.500 0.000
v 217.256 8.190 0.063
v 350.388 -5.108 -0.000
v 351.415 -4.870 0.000
v 350.707 -4.685 0.000
v 174.923 56.323 11.440
v 201.569 53.554 6.573
v 192.111 92.136 20.418
v 143.882 80.496 37.432
v 317.390 -76.295 0.045
v 311.388 -75.678 0.089
v 313.525 -84.384 0.268
v 301.004 -81.314 0.433
v 301.612 90.473 0.016
v 261.425 11.864 0.032
v 257.137 17.938 0.094
v 259.685 29.694 0.250
v 333.363 -56.499 -0.000
v 250.300 -9.324 0.001
v 246.840 -8.147 0.001
v 492.257 -59.014 0.382
v 497.846 -71.867 1.512
v 323.233 -72.690 0.003
v 319.642 -73.408 0.010
v 191.673 39.185 3.767
v 328.450 -4.500 0.000
v 325.400 -4.500 0.000
v 326.925 -8.044 -0.011
v 322.350 -4.500 0.000
v 319.300 -4.500 0.000
v 320.825 -8.044 -0.009
v 487.589 -46.189 0.001
v 253.762 -8.149 0.001
v 296.113 -132.413 9.072
v 319.576 -124.093 5.452
v 318.723 -158.932 21.552
v 353.537 -157.360 29.295
v 355.188 39.668 0.000
v 359.100 40.115 -0.001
v 362.238 34.681 -0.000
v 248.252 5.921 0.005
v 347.050 -64.400 0.001
v 252.349 5.925 0.004
v 294.730 88.931 0.060
v 286.267 86.134 0.195
v 278.058 82.663 0.446
v 287.397 72.017 0.186
v 280.502 50.786 0.220
v 264.700 45.563 0.538
v 489.280 -40.887 0.000
v 487.541 -42.649 0.000
v 488.665 -42.579 0.000
v 300.027 105.550 0.028
v 296.582 109.412 0.079
v 289.558 103.423 0.226
v 278.057 98.189 0.609
v 352.154 4.971 0.000
v 353.272 5.507 0.000
v 352.118 6.478 -0.000
v 375.314 -30.860 0.008
v 344.557 108.386 -0.498
v 369.108 113.146 -2.331
v 410.812 100.881 -3.664
v 507.093 -53.117 0.409
v 517.698 -39.949 0.359
v 359.528 -13.577 0.000
v 359.363 -12.226 0.000
v 357.972 -13.082 -0.000
v 306.751 103.964 0.000
v 305.853 104.619 0.001
v 340.376 -83.505 0.080
v 351.674 -85.458 0.323
v 345.367 -88.286 0.326
v 202.093 10.729 0.123
v 354.071 12.528 -0.000
v 355.344 14.398 0.000
v 347.344 53.254 0.000
v 351.195 53.666 -0.001
v 193.436 -6.138 0.063
v 319.514 104.280 -0.002
v 439.373 -15.624 0.001
v 441.426 -17.053 0.001
v 444.147 -16.562 0.001
v 433.477 -13.478 0.001
v 356.140 -20.342 0.000
v 353.896 -17.235 -0.002
v 275.957 -104.700 3.021
v 250.300 -81.695 0.946
v 233.273 -126.493 6.053
v 529.042 -52.486 1.172
v 537.012 -33.874 0.563
v 538.080 -13.656 0.277
v 563.050 -25.112 0.886
v 553.965 -52.146 2.031
v 323.838 68.969 0.000
v 322.263 71.697 0.000
v 320.058 68.605 -0.001
v 299.569 -6.183 -0.000
v 351.389 5.470 -0.000
v 259.850 4.500 0.000
v 258.275 7.888 0.011
v 562.859 7.411 0.533
v 590.484 -26.562 1.309
v 314.804 -71.956 0.025
v 312.891 -63.066 0.010
v 307.673 -68.840 0.071
v 301.314 -57.848 0.030
v 285.202 -69.370 0.318
v 396.555 129.439 -9.246
v 440.196 133.388 -15.474
v 391.414 170.798 -23.821
v 315.321 76.782 -0.000
v 212.550 -4.500 0.000
v 210.981 -7.942 0.005
v 372.008 -19.604 0.000
v 374.673 -21.013 0.000
v 343.590 -42.080 0.000
v 341.396 -39.001 -0.002
v 318.205 108.794 -0.007
v 203.138 4.500 0.000
v 204.706 7.931 0.042
v 212.550 4.500 0.000
v 210.981 7.931 0.049
v 200.000 -2.700 0.000
v 199.017 -3.150 0.004
v 451.141 -13.455 0.006
v 448.530 -4.518 0.007
v 445.608 -12.547 0.004
v 194.397 5.339 0.109
v 401.186 -15.049 0.000
v 398.544 -17.722 0.002
v 326.925 7.817 -0.000
v 319.300 4.500 0.000
v 320.825 7.817 -0.000
v 314.398 110.262 -0.005
v 312.944 111.118 -0.007
v 439.643 -19.469 0.000
v 440.836 -18.485 0.000
v 439.084 -17.576 0.000
v 446.760 -18.559 0.001
v 297.706 7.846 0.000
v 297.650 4.500 0.000
v 298.438 5.823 0.000
v 330.138 58.057 0.000
v 329.387 56.714 -0.000
v 328.563 60.785 0.000
v 327.762 58.504 -0.000
v 325.074 60.589 -0.001
v 266.996 65.134 0.733
v 445.681 -21.666 0.000
v 445.399 -20.185 0.000
v 334.043 13.635 -0.000
v 307.092 107.273 0.001
v 333.382 52.438 0.000
v 331.853 52.462 -0.000
v 334.950 49.721 0.000
v 332.583 50.166 -0.000
v 333.106 46.845 -0.000
v 198.121 -97.096 4.360
v 186.820 -138.279 11.829
v 174.259 -4.700 0.741
v 304.050 4.500 0.000
v 303.288 5.749 -0.000
v 307.100 4.500 0.000
v 305.575 6.288 -0.000
v 308.625 7.533 -0.000
v 266.449 13.695 0.026
v 129.611 29.446 18.555
v 90.387 24.184 25.025
v 338.354 -81.961 0.027
v 349.284 -74.607 0.075
v 323.609 -59.542 -0.001
v 316.326 -55.455 -0.002
v 579.985 35.062 0.706
v 544.035 38.199 -0.270
v 301.282 102.663 0.011
v 373.331 -97.962 3.978
v 392.168 -78.326 2.475
v 413.994 -104.580 12.480
v 493.609 -37.812 0.004
v 492.740 -35.444 0.002
v 501.108 -33.718 0.044
v 510.693 -24.508 0.068
v 497.053 -35.206 0.016
v 491.406 -36.140 0.001
v 497.302 -29.614 0.014
v 493.755 -25.284 0.009
v 502.095 -22.070 0.024
v 498.216 -13.027 0.027
v 447.490 -20.554 0.001
v 356.536 -78.698 0.311
v 363.967 -89.173 1.187
v 357.041 -105.935 3.316
v 379.556 -131.309 19.110
v 394.461 -172.213 60.351
v 457.342 -9.641 0.014
v 465.839 -3.701 0.029
v 454.375 11.541 -0.064
v 466.065 43.658 -1.213
v 480.841 19.249 -0.101
v 475.549 6.330 0.056
v 507.139 11.487 -0.045
v 503.197 46.560 -1.254
v 528.761 70.894 -2.830
v 296.306 6.196 0.000
v 253.550 -4.500 0.000
v 252.763 -5.710 0.000
v 254.918 -6.251 0.000
v 565.346 -74.321 5.866
v 581.205 -52.173 2.524
v 626.786 -54.202 2.527
v 602.613 -84.253 7.714
v 646.633 -95.286 6.798
v 574.405 -115.210 16.932
v 247.063 -4.500 0.000
v 247.847 -5.702 0.000
v 245.698 -6.247 0.001
v 337.682 -192.512 53.021
v 281.241 -167.991 28.534
v 488.428 -26.815 0.004
v 488.923 -18.503 0.012
v 340.963 64.307 0.000
v 342.388 64.220 -0.001
v 341.805 66.382 -0.001
v 344.207 58.688 0.000
v 344.839 59.959 -0.000
v 346.420 58.380 -0.001
v 345.776 55.971 0.000
v 348.759 56.465 -0.001
v 492.427 -39.312 0.002
v 456.183 89.403 -5.714
v 436.565 -27.926 0.000
v 436.902 -29.294 0.002
v 434.488 -29.163 0.004
v 433.617 -26.853 0.000
v 431.107 -29.163 0.009
v 333.178 -60.115 0.000
v 332.780 -59.365 -0.000
v 332.278 -61.673 0.000
v 331.807 -60.362 -0.000
v 493.130 82.730 -5.765
v 344.003 -66.365 0.000
v 344.844 -66.330 0.000
v 343.103 -67.923 0.000
v 344.478 -67.678 0.001
v 442.603 -30.123 0.000
v 441.488 -30.929 0.002
v 443.286 -32.242 0.005
v 307.537 109.142 -0.000
v 304.957 112.002 0.002
v 306.860 116.844 -0.035
v 305.418 127.896 -0.185
v 300.402 141.962 -0.410
v 296.083 174.729 0.363
v 260.110 180.249 15.512
v 301.672 121.787 -0.015
v 322.936 200.998 -7.596
v 309.497 236.077 6.182
v 356.589 234.004 -23.765
v 137.345 -96.320 22.333
v 306.375 79.890 0.008
v 352.652 -96.086 0.941
v 585.445 -155.609 31.086
v 616.112 -125.521 20.213
v 630.510 -170.869 37.004
v 339.422 -231.034 103.401
v 373.386 -210.200 91.663
v 283.042 209.721 9.884
v 265.568 253.717 39.966
v 129.023 57.130 30.948
v 122.926 113.793 74.244
v 112.545 84.017 57.701
v 330.105 -61.714 -0.000
v 327.015 -60.155 -0.001
v 344.154 -69.833 0.002
v 347.112 -71.797 0.015
v 539.402 -146.482 23.049
v 200.324 131.002 33.775
v 162.446 118.705 53.684
v 138.272 151.763 88.680
v 161.758 185.313 83.987
v 113.009 194.444 101.140
v 357.238 186.040 -19.485
v 118.154 -27.172 14.857
v 264.925 90.425 1.334
v 276.427 -44.066 0.078
v 241.242 218.587 35.952
v 218.571 259.397 70.516
v 304.192 103.222 0.002
v 303.811 104.220 0.003
v 481.411 123.470 -14.373
v 486.518 -47.400 0.003
v 487.556 -48.717 0.009
v 489.327 -54.130 0.088
v 488.845 -51.292 0.032
v 492.763 -52.086 0.086
v 499.833 -53.918 0.230
v 504.567 -63.526 0.855
v 518.264 -81.440 3.739
v 518.314 -61.352 1.295
v 486.319 -48.625 0.007
v 486.574 -50.912 0.022
v 519.539 -103.954 9.120
v 543.832 -91.285 8.458
v 535.677 -71.439 3.412
v 542.826 -118.981 15.133
v 672.614 -57.399 2.312
v 442.228 -13.714 0.002
v 442.010 -7.605 0.005
v 440.754 3.477 0.001
v 350.925 -10.964 -0.002
v 326.213 -73.057 0.002
v 595.263 -200.785 44.122
v 595.912 6.069 1.244
v 619.730 38.024 2.809
v 659.333 42.497 5.304
v 634.610 83.835 11.351
v 396.327 11.155 -0.001
v 509.110 -13.709 0.045
v 523.601 -17.101 0.147
v 526.346 3.514 0.093
v 504.412 -1.401 0.039
v 491.814 7.996 0.049
v 597.366 69.972 2.488
v 593.398 108.767 3.295
v 563.274 86.086 -0.746
v 210.780 179.783 44.412
v 190.712 221.935 67.768
v 99.682 145.274 100.224
v 0.702 -11.421 -2.552
v 49.350 -4.050 18.227
v 18.979 32.176 0.083
v -100.000 114.309 -19.657
v -100.000 65.008 -53.438
v -57.910 89.658 -9.091
v 351.161 -6.105 -0.000
v -100.000 212.910 16.954
v -100.000 163.610 -9.945
v -58.855 187.257 25.034
v -36.562 229.151 55.528
v -11.119 188.733 66.581
v 264.225 -134.419 9.965
v 241.144 -160.155 17.542
v 251.896 -193.010 41.908
v 636.330 -213.447 50.914
v 107.850 42.832 33.141
v 76.147 61.109 48.336
v 95.345 -6.320 20.025
v 437.126 -180.872 68.405
v 422.466 -143.664 38.268
v 90.747 -34.250 28.106
v 80.935 -60.801 47.136
v 58.234 -37.323 40.341
v 560.716 120.829 -2.189
v 588.919 146.939 1.809
v 525.893 121.807 -8.588
v 544.186 152.683 -5.757
v 568.228 179.328 -0.197
v 531.410 188.381 -14.849
v 560.039 225.421 -10.270
v 500.701 166.144 -21.926
v 497.015 203.556 -33.632
v 474.535 233.688 -54.215
v 518.598 243.110 -33.751
v 460.713 199.924 -46.382
v 439.152 228.461 -57.249
v 452.058 263.472 -60.804
v 437.755 297.935 -49.035
v 474.056 292.801 -55.319
v 461.039 331.667 -40.508
v 415.403 268.459 -50.910
v 403.722 233.358 -48.517
v 399.593 303.661 -26.858
v 432.691 176.560 -32.120
v 465.778 165.362 -29.541
v 161.247 328.819 139.712
v 199.985 302.428 121.228
v 205.417 352.027 147.064
v 510.674 294.585 -40.518
v 493.733 265.630 -51.641
v 55.086 31.779 24.587
v 790.243 -82.895 0.000
v 790.243 -33.594 0.000
v 753.251 -58.244 0.564
v 417.824 204.764 -45.978
v 384.260 205.986 -36.965
v 105.583 -54.821 27.295
v 98.854 -80.872 40.578
v 98.527 -107.776 49.256
v 72.564 -86.308 64.502
v 53.257 -65.845 66.099
v 28.923 -51.726 50.520
v 49.171 -99.478 77.544
v 72.254 -113.116 68.411
v 91.305 -139.543 52.266
v 46.473 -130.395 72.971
v 70.563 -164.665 64.336
v 132.671 -151.979 32.214
v 104.285 -171.384 48.696
v 22.653 -112.740 74.964
v 19.298 -145.385 71.610
v 81.916 -195.673 66.253
v 114.017 -202.791 55.734
v 82.346 -228.691 81.136
v 145.415 -212.557 53.356
v 119.209 -241.456 78.122
v 157.196 -249.571 79.803
v 53.701 -212.552 80.946
v 21.693 -205.039 79.580
v 28.362 -248.572 85.159
v -100.000 -280.098 12.351
v -100.000 -329.399 5.704
v -57.759 -304.748 30.190
v 43.939 -182.202 74.622
v 137.518 -182.589 37.550
v 164.186 -162.678 23.261
v 14.178 -175.466 73.317
v -14.419 -155.122 66.440
v -0.614 -94.361 61.501
v -5.993 -125.088 65.509
v -46.896 -141.820 58.432
v -38.685 -103.531 49.125
v -9.778 -197.295 71.653
v -41.349 -204.619 61.933
v -18.704 -230.525 68.968
v -27.248 -67.398 31.203
v -43.450 -33.135 -13.736
v -65.852 -64.690 1.785
v -100.000 -33.594 -41.114
v -100.000 -82.895 6.545
v 28.816 -79.940 70.800
v 3.608 -65.737 50.641
v 5.027 -38.425 25.197
v 28.966 -23.531 25.314
v -40.670 -172.915 62.302
v -72.376 -163.092 54.352
v -100.000 -132.195 42.481
v -100.000 -181.496 46.272
v -71.299 -194.642 51.943
v -100.000 -230.797 24.681
v -65.906 -228.392 45.204
v -100.000 -255.448 17.396
v -65.707 -267.773 37.803
v 193.933 -262.194 84.827
v 166.057 -283.552 100.031
v 133.034 -295.497 104.403
v 162.969 -326.636 103.741
v 185.453 -227.104 57.848
v 231.269 -234.601 75.768
v 195.797 -293.496 100.877
v 206.021 -323.141 105.843
v 238.765 -295.263 108.921
v 218.017 -276.466 93.360
v 244.698 -267.865 102.138
v 256.407 -243.795 95.763
v 272.595 -265.112 119.978
v 284.093 -239.576 102.777
v 317.080 -269.786 140.068
v 294.911 -213.744 74.111
v 266.770 -217.140 71.710
v 311.869 -236.026 98.690
v 277.810 -193.686 52.080
v 306.767 -186.316 45.959
v 320.597 -211.790 70.819
v 790.243 65.008 0.000
v 790.243 114.309 -5.013
v 753.960 89.658 -2.417
v 711.859 101.973 -0.260
v 721.047 55.260 1.399
v 117.472 335.824 124.585
v 145.584 371.218 137.250
v 73.150 336.748 92.957
v 96.110 374.606 104.220
v 122.561 410.114 103.919
v 228.315 -58.959 0.416
v 365.963 284.734 -10.932
v 368.720 319.176 3.703
v 346.931 345.992 41.267
v 387.100 356.371 17.596
v 339.408 304.191 22.343
v 307.737 295.212 41.366
v 314.934 330.173 62.203
v 313.330 373.685 85.255
v 289.481 410.114 104.633
v 269.999 371.339 123.807
v 282.668 318.594 75.518
v 251.213 332.221 116.651
v 252.414 291.876 81.720
v 332.765 267.276 4.487
v 290.218 348.301 96.437
v 556.691 -185.514 39.858
v 56.351 -241.338 89.505
v 22.628 -292.238 81.132
v 49.757 -273.591 93.979
v 85.623 -278.836 99.089
v 63.386 -305.647 94.904
v 45.107 -335.298 76.930
v 93.571 -332.008 89.415
v 78.640 -254.113 93.564
v 102.924 -260.602 93.396
v 130.317 -267.403 95.725
v 110.162 -284.794 101.539
v 111.475 -311.778 99.912
v 127.028 -343.581 86.139
v 122.561 -378.700 58.073
v 150.381 -378.700 64.327
v 178.201 -378.700 67.336
v 164.291 -354.509 87.289
v 195.538 -352.636 91.118
v 227.202 -347.280 97.604
v 233.841 -378.700 71.934
v 261.661 -378.700 83.141
v 289.481 -378.700 94.597
v 275.571 -354.102 111.169
v 267.883 -326.909 120.772
v 305.543 -353.385 122.391
v 319.681 -326.947 147.722
v 334.423 -351.829 129.837
v 372.942 -378.700 88.353
v 400.762 -378.700 88.219
v 386.852 -339.735 140.112
v 348.464 -326.702 155.867
v 366.092 -303.947 173.788
v 334.208 -297.452 165.226
v 357.250 -265.847 161.774
v 428.582 -346.803 119.111
v 392.418 -277.762 174.218
v 361.752 -350.614 129.338
v 345.122 -378.700 98.681
v 317.302 -378.700 101.689
v 206.021 -378.700 69.561
v 300.510 -299.179 147.963
v -29.557 -263.176 59.213
v -0.928 -254.562 74.473
v -7.432 -284.831 66.305
v 9.150 -229.238 78.758
v 2.128 -310.732 66.578
v 13.804 -340.184 60.965
v -16.540 -331.073 53.879
v -34.393 -290.247 49.937
v 11.280 -378.700 52.211
v -16.540 -378.700 42.422
v -44.360 -378.700 25.963
v -30.450 -354.886 41.692
v -67.760 -349.061 22.674
v -100.000 -378.700 2.514
v -45.100 -330.360 38.466
v 66.921 -378.700 64.193
v 39.101 -378.700 60.392
v -69.801 -116.883 43.417
v 293.780 -330.095 133.802
v 39.101 370.804 62.340
v 25.823 323.479 58.913
v 384.925 259.107 -35.527
v -6.598 141.188 45.789
v 26.158 168.290 89.423
v 27.974 218.049 95.050
v 31.487 128.505 72.511
v 223.184 -85.918 1.541
v 164.869 -191.406 35.984
v 196.831 -192.844 33.745
v 440.029 39.412 -0.345
v 434.069 68.943 -1.287
v 406.112 73.022 -0.695
v 117.115 -128.707 35.138
v 147.544 -125.203 20.746
v 167.668 -101.855 10.902
v 29.244 82.839 38.482
v 3.173 107.007 32.699
v -31.026 115.718 16.405
v 95.934 106.506 83.915
v 69.534 115.710 90.582
v 74.907 88.660 71.514
v 50.530 97.876 67.751
v 52.766 72.126 48.058
v 31.250 56.061 19.552
v 7.678 67.760 8.771
v 214.188 -148.706 12.245
v 192.116 -165.508 19.867
v 218.547 -175.902 25.185
v 224.112 -205.424 46.929
v 491.077 320.114 -42.956
v 493.309 356.940 -29.850
v 526.832 327.275 -19.298
v 560.204 341.974 8.978
v 560.252 296.633 -9.723
v 589.389 261.893 -7.108
v 606.146 305.536 4.442
v 530.202 364.857 -2.049
v 647.006 328.250 11.583
v 606.449 353.099 24.945
v 632.630 270.328 -7.534
v 562.576 376.194 32.350
v 567.683 410.114 54.676
v 595.503 410.114 55.199
v 623.323 410.114 47.438
v 609.413 383.226 40.869
v 651.143 378.679 36.339
v 539.862 410.114 29.088
v 512.042 410.114 -8.452
v 674.462 256.505 -21.686
v 663.461 293.421 -2.189
v 683.019 323.963 2.367
v 698.412 283.739 -18.994
v 717.970 314.281 -13.826
v 731.412 284.140 -32.989
v 754.085 312.319 -23.543
v 737.964 348.950 -3.241
v 738.859 251.989 -45.778
v 761.170 274.095 -44.460
v 790.243 262.211 -58.701
v 790.243 311.512 -29.681
v 706.534 252.448 -34.445
v 722.191 216.599 -39.961
v 686.431 222.324 -28.880
v 648.442 228.208 -20.688
v 624.837 197.866 -7.671
v 611.715 232.427 -8.878
v 591.204 204.868 -1.993
v 602.617 175.408 0.073
v 631.693 168.860 -2.070
v 653.364 189.296 -12.699
v 681.670 180.025 -14.730
v 659.943 161.534 -3.311
v 640.716 140.454 5.985
v 696.303 140.821 -5.488
v 669.770 107.658 9.925
v 667.733 135.121 6.059
v 615.361 148.036 3.080
v 620.590 119.336 8.384
v 668.083 351.905 18.309
v 749.158 188.260 -36.458
v 715.523 183.253 -25.870
v 645.674 115.579 12.858
v 686.479 72.721 6.642
v 628.662 366.123 30.653
v 397.781 -309.480 167.778
v 426.308 -292.932 164.854
v 790.243 336.162 -20.968
v 790.243 360.813 -10.557
v 765.555 348.488 -11.210
v 752.290 380.411 6.237
v 790.243 410.114 12.434
v 734.603 410.114 25.207
v 722.649 382.878 17.279
v 700.500 363.025 13.309
v 706.783 410.114 33.834
v 678.963 410.114 41.393
v 692.873 388.006 27.594
v 42.979 -156.190 72.327
v 766.724 246.178 -52.898
v 790.243 212.910 -56.391
v 747.992 226.067 -48.598
v 445.434 -83.631 5.739
v 467.672 -96.946 7.332
v 442.647 -113.516 17.340
v 469.487 -126.870 16.174
v 486.721 -151.401 26.109
v 455.370 -155.108 37.647
v 498.738 -124.640 12.699
v 475.213 -188.501 59.809
v 448.403 -223.460 111.506
v 512.887 -147.072 20.345
v 526.716 -172.498 31.011
v 517.833 -200.045 51.536
v 500.585 -179.277 36.041
v 493.817 -98.889 6.002
v 485.202 -247.683 106.579
v 449.391 -262.024 142.567
v 478.094 -281.817 119.646
v 484.222 -316.141 102.787
v 455.669 -303.530 138.980
v 458.615 -335.488 114.762
v 456.402 -378.700 63.502
v 490.356 -350.879 69.166
v 433.268 -319.622 148.695
v 511.162 -329.295 68.856
v 512.042 -378.700 25.049
v 539.862 -337.958 50.217
v 532.296 -311.152 67.840
v 529.126 -283.480 78.146
v 506.848 -300.050 89.742
v 554.604 -294.579 64.537
v 578.989 -307.908 61.289
v 583.452 -270.772 62.900
v 552.682 -264.198 66.935
v 566.850 -237.255 58.911
v 529.909 -235.027 73.088
v 628.023 -255.611 64.299
v 616.055 -293.526 70.403
v 656.660 -285.496 76.070
v 695.513 -299.766 77.765
v 688.018 -260.141 67.332
v 610.409 -333.930 63.830
v 503.929 -272.864 99.929
v 575.830 -343.702 51.189
v 567.683 -378.700 32.797
v 720.246 -274.567 63.941
v 738.875 -244.571 46.236
v 755.381 -275.605 44.920
v 741.218 -319.889 60.869
v 790.243 -280.098 30.405
v 790.243 -304.748 33.068
v 790.243 -329.399 34.624
v 767.199 -317.074 46.731
v 757.332 -347.307 47.023
v 734.603 -378.700 48.595
v 762.423 -378.700 34.898
v 790.243 -378.700 20.723
v 725.033 -347.846 62.873
v 712.929 -322.175 73.573
v 691.688 -347.879 71.671
v 598.655 -242.371 55.617
v 678.963 -378.700 63.719
v 706.783 -378.700 58.841
v 232.596 -321.185 110.831
v 359.971 378.446 52.548
v 345.122 410.114 72.114
v 172.709 151.578 65.223
v 595.503 -378.700 45.156
v 623.323 -378.700 55.294
v 662.080 -188.241 37.468
v 681.293 -220.379 50.688
v 675.257 -154.703 21.644
v 695.410 -181.979 30.776
v 729.313 -182.850 22.411
v 711.660 -209.748 39.870
v 744.548 -212.091 29.581
v 759.853 -185.528 13.435
v 748.148 -143.533 7.205
v 711.667 -148.885 13.619
v 721.008 -104.772 4.298
v 790.243 -132.195 1.731
v 790.243 -156.846 1.950
v 790.243 -181.496 4.510
v 688.532 -120.940 8.373
v 691.602 -86.407 3.944
v 721.754 -70.853 2.081
v 713.980 -37.416 0.796
v 655.698 -127.522 15.150
v 790.243 -206.147 10.645
v 704.143 -236.964 55.326
v 761.030 -107.545 1.958
v 651.143 -378.700 61.764
v 637.233 -355.182 68.290
v 665.053 -355.182 70.730
v 651.143 -331.665 76.695
v 691.915 40.535 2.973
v 684.790 1.264 1.186
v 716.404 28.267 1.140
v 737.242 10.492 0.679
v 711.750 1.709 0.612
v 732.366 -16.742 0.445
v 790.243 -8.943 0.000
v 762.440 -21.269 0.257
v -13.648 313.288 41.681
v -33.699 348.782 16.979
v -46.788 317.977 26.176
v -68.553 345.408 3.853
v -100.000 360.813 -19.484
v -100.000 311.512 -6.948
v -44.360 410.114 -9.857
v -72.180 410.114 -7.774
v -58.270 378.439 -4.544
v -100.000 410.114 -10.631
v -100.000 385.463 -17.512
v -23.640 382.123 8.836
v 3.967 355.605 34.281
v -49.710 284.635 30.555
v -72.014 303.389 15.419
v -76.005 276.002 18.598
v -100.000 262.211 5.101
v -71.257 239.971 33.267
v 405.526 -203.191 100.317
v 403.720 -236.037 135.763
v 359.040 259.782 -20.054
v 280.237 290.858 54.061
v 298.372 265.339 27.777
v 790.243 -255.448 26.749
v 790.243 -230.797 20.225
v 766.017 -243.122 32.715
v 762.423 410.114 14.564
v -16.540 410.114 0.007
v 790.243 15.707 0.000
v 758.014 43.320 0.355
v 419.140 -263.506 158.832
v 372.942 410.114 59.081
v 400.762 410.114 38.380
v 386.852 385.926 38.709
v 416.867 384.758 12.501
v 428.582 357.099 -16.124
v 447.032 381.224 -15.735
v 484.222 410.114 -27.331
v 498.132 385.127 -24.211
v 428.582 410.114 11.040
v 456.402 410.114 -19.953
v 473.216 374.884 -28.561
v 454.955 356.705 -30.092
v 742.258 -88.272 1.494
v 659.023 -244.595 63.670
v 550.754 261.055 -17.108
v 484.222 -378.700 43.427
v 422.433 325.852 -30.021
v 395.656 330.563 -11.163
v -19.380 89.951 10.726
v -17.933 61.711 -10.240
v -47.248 255.919 42.557
v -14.599 253.435 61.627
v -4.526 222.252 79.215
v 6.936 278.100 59.225
v 16.726 247.819 79.106
v 48.124 242.673 96.565
v 72.580 213.769 107.370
v 68.914 266.760 96.511
v 37.934 272.483 77.906
v 59.489 302.453 84.164
v 94.609 308.332 105.220
v 126.462 292.413 113.461
v 98.847 276.985 103.543
v 93.427 243.923 104.465
v -21.416 281.120 45.542
v 26.307 296.658 61.760
v 122.430 267.203 105.884
v 126.878 242.062 100.349
v 146.186 276.331 108.882
v 169.717 266.637 98.719
v 168.888 298.033 119.980
v 108.954 221.454 103.282
v 140.241 212.341 94.773
v 157.657 238.036 90.041
v 166.164 213.520 85.772
v 145.894 308.667 125.556
v -62.988 50.070 -36.925
v 502.866 -224.787 79.695
v 475.684 -222.079 92.601
v 636.584 -3.673 1.057
v 612.729 -13.495 1.606
v 633.154 -29.222 1.307
v 662.630 -20.175 0.821
v 689.365 -25.637 0.850
v 237.326 362.960 144.074
v 206.021 410.114 131.415
v 178.201 410.114 134.067
v 192.111 381.212 148.146
v 175.210 355.881 153.050
v 233.841 410.114 119.415
v 219.931 385.621 142.912
v 166.590 386.727 143.555
v 150.381 410.114 120.197
v 261.661 410.114 118.031
v 247.751 387.436 135.523
v 520.030 269.678 -35.336
v 94.741 -378.700 60.926
v 80.831 -355.688 75.290
v -62.401 -91.197 30.334
v 735.405 165.169 -21.412
v 762.827 164.478 -25.969
v 745.966 140.454 -13.594
v 790.243 163.610 -32.819
v 790.243 138.959 -15.762
v 767.663 126.634 -10.549
v 790.243 188.260 -45.055
v 744.491 114.195 -5.944
v 721.046 128.683 -7.627
v 543.931 -210.611 53.341
v 570.057 -208.102 48.790
v 634.816 299.537 2.532
v 585.678 230.392 -5.787
v -100.000 15.707 -73.254
v -71.923 -8.943 -41.370
v -70.475 21.021 -50.269
v -40.679 16.975 -34.245
v -100.000 40.357 -69.366
v 230.884 149.963 18.400
v 257.682 142.277 6.832
v 218.892 78.251 8.426
v 216.909 107.196 15.363
v 697.882 -61.578 1.983
v -72.012 -37.157 -24.071
v 649.267 -152.777 26.613
v 46.942 192.444 107.710
v 68.664 169.130 110.589
v 522.701 215.206 -24.282
v -60.077 214.785 41.165
v 563.878 58.035 -0.103
v 381.412 -252.388 151.526
v 542.763 102.042 -4.437
v 516.324 96.558 -7.339
v -72.180 -378.700 13.528
v 229.061 311.372 116.209
v 220.965 285.960 98.626
v 195.693 275.363 96.888
v 190.117 248.937 77.663
v 364.420 -183.420 52.934
v -42.810 -240.641 56.688
v 269.714 -296.005 126.531
v 4.066 383.337 29.500
v 11.280 410.114 31.248
v 705.538 337.328 1.896
v 414.977 152.728 -18.533
v -56.136 114.725 1.492
v -56.780 139.846 4.858
v -78.184 126.728 -7.167
v -31.697 140.811 21.767
v -45.153 164.106 19.939
v -72.573 163.507 0.719
v 518.597 146.987 -13.434
v 47.762 150.934 101.097
v 73.152 142.871 107.100
v 763.364 16.949 0.392
v 661.381 82.182 13.368
v -46.469 -7.837 -34.921
v -22.184 -0.422 -25.650
v -11.969 28.967 -18.812
v -34.203 41.833 -26.097
v 651.143 410.114 46.300
v 669.542 -310.449 80.264
v 428.582 -378.700 77.266
v 96.053 172.648 105.884
v 579.661 319.325 8.234
v 641.528 22.580 1.641
v 68.071 365.720 87.102
v 66.921 410.114 71.445
v 317.302 410.114 89.453
v 629.844 -316.050 74.916
v 94.741 410.114 88.761
v 39.101 410.114 57.700
v 539.862 -378.700 25.482
v 216.733 231.674 53.732
v 218.346 205.202 42.591
vt 0.450 0.444
vt 0.439 0.416
vt 0.465 0.420
vt 0.438 0.600
vt 0.448 0.600
vt 0.449 0.607
vt 0.477 0.619
vt 0.471 0.621
vt 0.473 0.616
vt 0.453 0.603
vt 0.452 0.608
vt 0.393 0.527
vt 0.391 0.569
vt 0.360 0.521
vt 0.315 0.485
vt 0.324 0.475
vt 0.327 0.485
vt 0.590 0.503
vt 0.578 0.538
vt 0.557 0.515
vt 0.544 0.545
vt 0.476 0.446
vt 0.668 0.418
vt 0.675 0.427
vt 0.668 0.427
vt 0.330 0.477
vt 0.591 0.396
vt 0.598 0.420
vt 0.573 0.430
vt 0.555 0.415
vt 0.468 0.539
vt 0.450 0.530
vt 0.476 0.513
vt 0.450 0.508
vt 0.516 0.571
vt 0.535 0.583
vt 0.506 0.603
vt 0.475 0.380
vt 0.474 0.368
vt 0.485 0.371
vt 0.625 0.404
vt 0.393 0.450
vt 0.393 0.425
vt 0.424 0.444
vt 0.480 0.382
vt 0.569 0.496
vt 0.538 0.523
vt 0.525 0.546
vt 0.664 0.422
vt 0.374 0.453
vt 0.360 0.438
vt 0.393 0.507
vt 0.374 0.507
vt 0.332 0.483
vt 0.339 0.448
vt 0.356 0.456
vt 0.356 0.504
vt 0.339 0.512
vt 0.431 0.504
vt 0.420 0.517
vt 0.463 0.557
vt 0.448 0.561
vt 0.477 0.413
vt 0.482 0.430
vt 0.501 0.586
vt 0.648 0.389
vt 0.653 0.406
vt 0.639 0.412
vt 0.619 0.420
vt 0.413 0.457
vt 0.450 0.459
vt 0.466 0.458
vt 0.466 0.502
vt 0.551 0.452
vt 0.549 0.439
vt 0.563 0.444
vt 0.480 0.460
vt 0.493 0.455
vt 0.481 0.527
vt 0.586 0.435
vt 0.511 0.391
vt 0.522 0.383
vt 0.520 0.406
vt 0.533 0.411
vt 0.662 0.419
vt 0.664 0.427
vt 0.456 0.617
vt 0.451 0.617
vt 0.453 0.614
vt 0.580 0.484
vt 0.594 0.482
vt 0.342 0.461
vt 0.527 0.529
vt 0.342 0.499
vt 0.507 0.564
vt 0.514 0.553
vt 0.479 0.385
vt 0.475 0.386
vt 0.334 0.480
vt 0.538 0.509
vt 0.551 0.500
vt 0.450 0.580
vt 0.460 0.573
vt 0.393 0.462
vt 0.381 0.462
vt 0.367 0.462
vt 0.493 0.442
vt 0.367 0.498
vt 0.393 0.496
vt 0.381 0.498
vt 0.482 0.384
vt 0.490 0.504
vt 0.480 0.498
vt 0.410 0.504
vt 0.420 0.499
vt 0.530 0.517
vt 0.492 0.594
vt 0.490 0.607
vt 0.630 0.420
vt 0.646 0.470
vt 0.633 0.463
vt 0.641 0.454
vt 0.652 0.455
vt 0.434 0.457
vt 0.424 0.462
vt 0.519 0.538
vt 0.588 0.474
vt 0.491 0.515
vt 0.574 0.443
vt 0.662 0.424
vt 0.522 0.418
vt 0.530 0.427
vt 0.490 0.465
vt 0.542 0.454
vt 0.538 0.446
vt 0.450 0.497
vt 0.438 0.496
vt 0.499 0.576
vt 0.602 0.431
vt 0.615 0.429
vt 0.477 0.388
vt 0.406 0.464
vt 0.334 0.495
vt 0.493 0.495
vt 0.500 0.502
vt 0.456 0.615
vt 0.353 0.465
vt 0.571 0.480
vt 0.562 0.486
vt 0.353 0.495
vt 0.468 0.565
vt 0.644 0.418
vt 0.485 0.380
vt 0.490 0.375
vt 0.595 0.438
vt 0.661 0.421
vt 0.505 0.394
vt 0.512 0.402
vt 0.491 0.430
vt 0.477 0.545
vt 0.482 0.537
vt 0.514 0.458
vt 0.516 0.461
vt 0.513 0.463
vt 0.469 0.466
vt 0.528 0.453
vt 0.526 0.450
vt 0.533 0.449
vt 0.548 0.465
vt 0.545 0.465
vt 0.548 0.458
vt 0.469 0.494
vt 0.562 0.452
vt 0.659 0.422
vt 0.658 0.422
vt 0.658 0.421
vt 0.660 0.420
vt 0.333 0.475
vt 0.335 0.477
vt 0.337 0.481
vt 0.337 0.482
vt 0.335 0.482
vt 0.334 0.485
vt 0.589 0.450
vt 0.586 0.451
vt 0.585 0.443
vt 0.459 0.495
vt 0.510 0.419
vt 0.509 0.415
vt 0.516 0.413
vt 0.517 0.433
vt 0.516 0.429
vt 0.523 0.427
vt 0.499 0.447
vt 0.503 0.458
vt 0.334 0.465
vt 0.505 0.474
vt 0.505 0.474
vt 0.505 0.474
vt 0.473 0.554
vt 0.662 0.433
vt 0.662 0.432
vt 0.662 0.433
vt 0.663 0.434
vt 0.662 0.433
vt 0.663 0.433
vt 0.427 0.495
vt 0.496 0.529
vt 0.494 0.533
vt 0.489 0.527
vt 0.492 0.585
vt 0.524 0.506
vt 0.525 0.503
vt 0.531 0.508
vt 0.528 0.500
vt 0.625 0.427
vt 0.505 0.486
vt 0.505 0.486
vt 0.505 0.486
vt 0.633 0.453
vt 0.417 0.466
vt 0.544 0.486
vt 0.547 0.483
vt 0.550 0.491
vt 0.483 0.467
vt 0.541 0.500
vt 0.374 0.466
vt 0.513 0.469
vt 0.512 0.471
vt 0.510 0.467
vt 0.514 0.494
vt 0.513 0.495
vt 0.511 0.494
vt 0.514 0.493
vt 0.513 0.491
vt 0.374 0.494
vt 0.513 0.527
vt 0.515 0.523
vt 0.520 0.529
vt 0.517 0.520
vt 0.518 0.517
vt 0.523 0.522
vt 0.661 0.430
vt 0.661 0.429
vt 0.663 0.429
vt 0.661 0.428
vt 0.660 0.427
vt 0.662 0.427
vt 0.482 0.388
vt 0.481 0.389
vt 0.481 0.387
vt 0.455 0.611
vt 0.456 0.611
vt 0.455 0.613
vt 0.504 0.544
vt 0.506 0.541
vt 0.511 0.546
vt 0.507 0.553
vt 0.450 0.474
vt 0.450 0.474
vt 0.450 0.474
vt 0.593 0.461
vt 0.596 0.459
vt 0.597 0.467
vt 0.602 0.472
vt 0.600 0.458
vt 0.603 0.457
vt 0.603 0.464
vt 0.610 0.455
vt 0.610 0.457
vt 0.609 0.455
vt 0.505 0.494
vt 0.505 0.490
vt 0.508 0.490
vt 0.509 0.493
vt 0.580 0.475
vt 0.469 0.581
vt 0.467 0.585
vt 0.463 0.580
vt 0.473 0.574
vt 0.471 0.578
vt 0.466 0.573
vt 0.450 0.487
vt 0.450 0.489
vt 0.449 0.487
vt 0.483 0.549
vt 0.484 0.549
vt 0.484 0.551
vt 0.611 0.455
vt 0.485 0.548
vt 0.348 0.474
vt 0.344 0.474
vt 0.346 0.467
vt 0.500 0.430
vt 0.502 0.434
vt 0.496 0.435
vt 0.500 0.398
vt 0.500 0.398
vt 0.500 0.398
vt 0.344 0.486
vt 0.348 0.486
vt 0.346 0.493
vt 0.337 0.474
vt 0.337 0.476
vt 0.335 0.475
vt 0.450 0.467
vt 0.459 0.465
vt 0.453 0.609
vt 0.454 0.608
vt 0.474 0.486
vt 0.478 0.486
vt 0.476 0.493
vt 0.481 0.486
vt 0.485 0.486
vt 0.483 0.493
vt 0.560 0.462
vt 0.556 0.464
vt 0.556 0.457
vt 0.488 0.406
vt 0.488 0.406
vt 0.487 0.406
vt 0.451 0.487
vt 0.498 0.474
vt 0.495 0.474
vt 0.497 0.467
vt 0.415 0.486
vt 0.418 0.486
vt 0.417 0.493
vt 0.484 0.420
vt 0.479 0.593
vt 0.481 0.589
vt 0.486 0.594
vt 0.639 0.430
vt 0.636 0.431
vt 0.635 0.424
vt 0.639 0.442
vt 0.642 0.441
vt 0.643 0.448
vt 0.429 0.474
vt 0.425 0.474
vt 0.427 0.468
vt 0.497 0.510
vt 0.583 0.453
vt 0.580 0.454
vt 0.579 0.447
vt 0.576 0.456
vt 0.573 0.457
vt 0.573 0.450
vt 0.360 0.467
vt 0.360 0.494
vt 0.337 0.479
vt 0.337 0.480
vt 0.335 0.480
vt 0.337 0.478
vt 0.393 0.473
vt 0.393 0.471
vt 0.395 0.473
vt 0.386 0.474
vt 0.383 0.474
vt 0.385 0.468
vt 0.392 0.473
vt 0.487 0.406
vt 0.487 0.406
vt 0.486 0.407
vt 0.487 0.405
vt 0.383 0.486
vt 0.386 0.486
vt 0.385 0.492
vt 0.498 0.559
vt 0.500 0.560
vt 0.497 0.560
vt 0.501 0.398
vt 0.500 0.397
vt 0.499 0.397
vt 0.501 0.397
vt 0.499 0.557
vt 0.560 0.474
vt 0.563 0.473
vt 0.563 0.480
vt 0.566 0.472
vt 0.556 0.476
vt 0.659 0.421
vt 0.658 0.421
vt 0.454 0.610
vt 0.454 0.610
vt 0.454 0.610
vt 0.455 0.608
vt 0.455 0.609
vt 0.454 0.610
vt 0.454 0.609
vt 0.605 0.440
vt 0.606 0.442
vt 0.605 0.443
vt 0.550 0.481
vt 0.553 0.478
vt 0.555 0.485
vt 0.607 0.442
vt 0.505 0.487
vt 0.506 0.487
vt 0.505 0.488
vt 0.507 0.486
vt 0.337 0.484
vt 0.337 0.485
vt 0.335 0.484
vt 0.337 0.486
vt 0.499 0.522
vt 0.497 0.526
vt 0.494 0.521
vt 0.509 0.447
vt 0.511 0.451
vt 0.505 0.452
vt 0.507 0.444
vt 0.476 0.467
vt 0.535 0.459
vt 0.532 0.457
vt 0.537 0.453
vt 0.537 0.461
vt 0.490 0.383
vt 0.488 0.384
vt 0.488 0.381
vt 0.491 0.378
vt 0.487 0.385
vt 0.485 0.386
vt 0.485 0.383
vt 0.466 0.618
vt 0.467 0.618
vt 0.467 0.618
vt 0.487 0.407
vt 0.488 0.407
vt 0.489 0.408
vt 0.606 0.443
vt 0.606 0.443
vt 0.606 0.443
vt 0.604 0.444
vt 0.605 0.444
vt 0.608 0.443
vt 0.607 0.443
vt 0.606 0.443
vt 0.605 0.443
vt 0.607 0.442
vt 0.508 0.537
vt 0.510 0.534
vt 0.513 0.539
vt 0.460 0.614
vt 0.462 0.615
vt 0.460 0.617
vt 0.463 0.616
vt 0.465 0.617
vt 0.463 0.619
vt 0.460 0.620
vt 0.542 0.464
vt 0.540 0.462
vt 0.543 0.459
vt 0.454 0.610
vt 0.501 0.398
vt 0.501 0.400
vt 0.500 0.399
vt 0.514 0.426
vt 0.512 0.422
vt 0.518 0.421
vt 0.511 0.489
vt 0.512 0.490
vt 0.510 0.491
vt 0.510 0.488
vt 0.369 0.474
vt 0.365 0.474
vt 0.367 0.468
vt 0.362 0.474
vt 0.372 0.474
vt 0.497 0.558
vt 0.497 0.558
vt 0.497 0.558
vt 0.496 0.560
vt 0.497 0.559
vt 0.498 0.556
vt 0.498 0.557
vt 0.498 0.558
vt 0.497 0.559
vt 0.498 0.558
vt 0.586 0.464
vt 0.590 0.462
vt 0.590 0.468
vt 0.365 0.486
vt 0.369 0.486
vt 0.367 0.492
vt 0.372 0.486
vt 0.362 0.486
vt 0.433 0.486
vt 0.436 0.486
vt 0.434 0.492
vt 0.429 0.486
vt 0.440 0.486
vt 0.443 0.486
vt 0.441 0.492
vt 0.657 0.422
vt 0.655 0.423
vt 0.657 0.421
vt 0.657 0.418
vt 0.658 0.420
vt 0.450 0.473
vt 0.450 0.474
vt 0.449 0.474
vt 0.450 0.472
vt 0.448 0.474
vt 0.553 0.465
vt 0.550 0.465
vt 0.551 0.461
vt 0.394 0.474
vt 0.393 0.474
vt 0.393 0.474
vt 0.395 0.474
vt 0.394 0.474
vt 0.392 0.474
vt 0.392 0.474
vt 0.393 0.474
vt 0.394 0.474
vt 0.393 0.474
vt 0.492 0.569
vt 0.494 0.565
vt 0.497 0.570
vt 0.488 0.575
vt 0.490 0.572
vt 0.494 0.577
vt 0.486 0.579
vt 0.660 0.425
vt 0.659 0.424
vt 0.661 0.424
vt 0.659 0.423
vt 0.504 0.474
vt 0.502 0.474
vt 0.504 0.473
vt 0.505 0.470
vt 0.505 0.472
vt 0.501 0.469
vt 0.455 0.469
vt 0.616 0.439
vt 0.613 0.441
vt 0.613 0.435
vt 0.623 0.437
vt 0.619 0.438
vt 0.619 0.432
vt 0.626 0.435
vt 0.623 0.449
vt 0.626 0.447
vt 0.626 0.453
vt 0.629 0.446
vt 0.624 0.459
vt 0.616 0.451
vt 0.619 0.450
vt 0.620 0.456
vt 0.335 0.490
vt 0.502 0.486
vt 0.504 0.486
vt 0.504 0.487
vt 0.411 0.474
vt 0.408 0.474
vt 0.410 0.469
vt 0.415 0.474
vt 0.404 0.474
vt 0.401 0.474
vt 0.402 0.469
vt 0.482 0.410
vt 0.486 0.414
vt 0.493 0.416
vt 0.495 0.420
vt 0.489 0.421
vt 0.497 0.423
vt 0.491 0.413
vt 0.451 0.474
vt 0.452 0.474
vt 0.451 0.474
vt 0.659 0.434
vt 0.660 0.433
vt 0.661 0.435
vt 0.663 0.436
vt 0.500 0.492
vt 0.495 0.486
vt 0.498 0.486
vt 0.334 0.470
vt 0.327 0.468
vt 0.309 0.461
vt 0.294 0.475
vt 0.280 0.439
vt 0.464 0.474
vt 0.461 0.474
vt 0.462 0.469
vt 0.457 0.474
vt 0.468 0.474
vt 0.462 0.595
vt 0.460 0.599
vt 0.457 0.594
vt 0.465 0.588
vt 0.464 0.592
vt 0.460 0.587
vt 0.455 0.588
vt 0.570 0.470
vt 0.573 0.469
vt 0.573 0.475
vt 0.576 0.468
vt 0.484 0.387
vt 0.483 0.388
vt 0.483 0.386
vt 0.450 0.491
vt 0.456 0.491
vt 0.453 0.490
vt 0.461 0.486
vt 0.464 0.486
vt 0.462 0.491
vt 0.468 0.486
vt 0.481 0.547
vt 0.478 0.553
vt 0.481 0.551
vt 0.480 0.561
vt 0.478 0.564
vt 0.474 0.560
vt 0.326 0.453
vt 0.493 0.381
vt 0.492 0.382
vt 0.492 0.381
vt 0.494 0.381
vt 0.478 0.611
vt 0.472 0.607
vt 0.474 0.603
vt 0.482 0.606
vt 0.652 0.418
vt 0.656 0.414
vt 0.652 0.424
vt 0.649 0.426
vt 0.662 0.433
vt 0.661 0.433
vt 0.505 0.487
vt 0.504 0.486
vt 0.510 0.502
vt 0.508 0.505
vt 0.505 0.501
vt 0.327 0.430
vt 0.339 0.411
vt 0.299 0.393
vt 0.259 0.409
vt 0.470 0.614
vt 0.471 0.615
vt 0.469 0.615
vt 0.469 0.616
vt 0.468 0.616
vt 0.468 0.615
vt 0.505 0.473
vt 0.505 0.474
vt 0.504 0.474
vt 0.455 0.604
vt 0.456 0.605
vt 0.454 0.606
vt 0.520 0.513
vt 0.522 0.510
vt 0.525 0.514
vt 0.515 0.466
vt 0.514 0.468
vt 0.513 0.466
vt 0.509 0.463
vt 0.454 0.474
vt 0.453 0.471
vt 0.450 0.471
vt 0.604 0.437
vt 0.599 0.440
vt 0.596 0.447
vt 0.593 0.449
vt 0.593 0.443
vt 0.507 0.412
vt 0.505 0.408
vt 0.510 0.407
vt 0.507 0.401
vt 0.503 0.405
vt 0.521 0.439
vt 0.519 0.436
vt 0.524 0.435
vt 0.529 0.436
vt 0.525 0.446
vt 0.523 0.443
vt 0.528 0.442
vt 0.658 0.421
vt 0.658 0.422
vt 0.393 0.491
vt 0.400 0.494
vt 0.488 0.486
vt 0.492 0.486
vt 0.490 0.491
vt 0.458 0.612
vt 0.459 0.613
vt 0.458 0.614
vt 0.492 0.536
vt 0.490 0.540
vt 0.487 0.535
vt 0.484 0.542
vt 0.484 0.545
vt 0.455 0.606
vt 0.456 0.607
vt 0.510 0.472
vt 0.509 0.473
vt 0.508 0.470
vt 0.448 0.471
vt 0.447 0.474
vt 0.443 0.474
vt 0.480 0.391
vt 0.481 0.392
vt 0.479 0.391
vt 0.477 0.391
vt 0.478 0.391
vt 0.478 0.395
vt 0.476 0.392
vt 0.482 0.394
vt 0.484 0.398
vt 0.472 0.395
vt 0.493 0.384
vt 0.492 0.383
vt 0.493 0.382
vt 0.496 0.383
vt 0.496 0.379
vt 0.496 0.390
vt 0.494 0.386
vt 0.499 0.377
vt 0.408 0.486
vt 0.411 0.486
vt 0.410 0.491
vt 0.662 0.431
vt 0.663 0.431
vt 0.493 0.379
vt 0.491 0.380
vt 0.503 0.396
vt 0.504 0.399
vt 0.502 0.402
vt 0.489 0.410
vt 0.487 0.410
vt 0.485 0.408
vt 0.497 0.632
vt 0.523 0.655
vt 0.483 0.658
vt 0.480 0.688
vt 0.318 0.466
vt 0.476 0.600
vt 0.478 0.596
vt 0.481 0.601
vt 0.485 0.550
vt 0.485 0.550
vt 0.485 0.550
vt 0.484 0.552
vt 0.484 0.551
vt 0.486 0.548
vt 0.485 0.549
vt 0.484 0.550
vt 0.484 0.550
vt 0.485 0.549
vt 0.465 0.619
vt 0.466 0.619
vt 0.450 0.486
vt 0.450 0.486
vt 0.450 0.486
vt 0.448 0.486
vt 0.449 0.486
vt 0.452 0.486
vt 0.451 0.486
vt 0.450 0.486
vt 0.450 0.486
vt 0.451 0.486
vt 0.663 0.433
vt 0.663 0.432
vt 0.664 0.432
vt 0.645 0.427
vt 0.642 0.429
vt 0.642 0.423
vt 0.652 0.437
vt 0.655 0.435
vt 0.655 0.441
vt 0.660 0.439
vt 0.664 0.440
vt 0.646 0.439
vt 0.649 0.438
vt 0.649 0.443
vt 0.653 0.446
vt 0.602 0.441
vt 0.436 0.474
vt 0.433 0.474
vt 0.434 0.469
vt 0.438 0.465
vt 0.440 0.474
vt 0.441 0.469
vt 0.444 0.462
vt 0.609 0.454
vt 0.610 0.454
vt 0.610 0.454
vt 0.608 0.455
vt 0.609 0.454
vt 0.611 0.453
vt 0.611 0.454
vt 0.610 0.455
vt 0.610 0.454
vt 0.504 0.437
vt 0.505 0.441
vt 0.501 0.441
vt 0.486 0.617
vt 0.481 0.627
vt 0.467 0.618
vt 0.467 0.618
vt 0.467 0.617
vt 0.467 0.617
vt 0.468 0.619
vt 0.468 0.617
vt 0.422 0.486
vt 0.425 0.486
vt 0.424 0.491
vt 0.469 0.613
vt 0.470 0.612
vt 0.470 0.613
vt 0.483 0.586
vt 0.485 0.582
vt 0.488 0.587
vt 0.632 0.433
vt 0.629 0.434
vt 0.629 0.429
vt 0.633 0.445
vt 0.636 0.443
vt 0.636 0.449
vt 0.422 0.474
vt 0.418 0.474
vt 0.420 0.469
vt 0.609 0.455
vt 0.609 0.454
vt 0.473 0.612
vt 0.471 0.610
vt 0.394 0.486
vt 0.395 0.486
vt 0.394 0.487
vt 0.393 0.488
vt 0.393 0.487
vt 0.392 0.486
vt 0.392 0.486
vt 0.393 0.487
vt 0.457 0.606
vt 0.457 0.606
vt 0.456 0.606
vt 0.456 0.605
vt 0.456 0.606
vt 0.456 0.606
vt 0.456 0.605
vt 0.457 0.605
vt 0.457 0.605
vt 0.379 0.474
vt 0.376 0.474
vt 0.378 0.469
vt 0.501 0.393
vt 0.501 0.395
vt 0.376 0.486
vt 0.379 0.486
vt 0.378 0.491
vt 0.570 0.458
vt 0.566 0.460
vt 0.566 0.454
vt 0.456 0.603
vt 0.458 0.602
vt 0.458 0.604
vt 0.456 0.599
vt 0.531 0.497
vt 0.534 0.494
vt 0.536 0.500
vt 0.492 0.474
vt 0.488 0.474
vt 0.490 0.470
vt 0.485 0.474
vt 0.397 0.489
vt 0.397 0.486
vt 0.401 0.486
vt 0.537 0.491
vt 0.540 0.489
vt 0.542 0.494
vt 0.483 0.405
vt 0.485 0.405
vt 0.390 0.489
vt 0.390 0.486
vt 0.492 0.366
vt 0.496 0.359
vt 0.481 0.352
vt 0.461 0.352
vt 0.501 0.319
vt 0.393 0.486
vt 0.394 0.486
vt 0.393 0.486
vt 0.393 0.486
vt 0.394 0.486
vt 0.394 0.486
vt 0.393 0.486
vt 0.393 0.486
vt 0.335 0.472
vt 0.341 0.474
vt 0.340 0.468
vt 0.339 0.471
vt 0.452 0.625
vt 0.442 0.635
vt 0.441 0.622
vt 0.424 0.631
vt 0.433 0.662
vt 0.388 0.629
vt 0.413 0.614
vt 0.492 0.382
vt 0.492 0.382
vt 0.492 0.382
vt 0.492 0.381
vt 0.490 0.381
vt 0.492 0.382
vt 0.492 0.383
vt 0.608 0.437
vt 0.453 0.611
vt 0.453 0.610
vt 0.452 0.612
vt 0.444 0.452
vt 0.437 0.437
vt 0.580 0.466
vt 0.583 0.465
vt 0.583 0.470
vt 0.479 0.390
vt 0.478 0.390
vt 0.478 0.389
vt 0.477 0.389
vt 0.479 0.390
vt 0.480 0.390
vt 0.479 0.390
vt 0.479 0.390
vt 0.479 0.391
vt 0.480 0.391
vt 0.480 0.389
vt 0.479 0.389
vt 0.540 0.433
vt 0.469 0.614
vt 0.469 0.613
vt 0.469 0.614
vt 0.468 0.614
vt 0.469 0.614
vt 0.469 0.614
vt 0.469 0.613
vt 0.469 0.613
vt 0.467 0.619
vt 0.467 0.620
vt 0.467 0.619
vt 0.468 0.621
vt 0.466 0.621
vt 0.469 0.620
vt 0.470 0.622
vt 0.462 0.631
vt 0.472 0.632
vt 0.465 0.652
vt 0.482 0.643
vt 0.471 0.624
vt 0.471 0.627
vt 0.476 0.624
vt 0.468 0.626
vt 0.465 0.624
vt 0.468 0.623
vt 0.503 0.516
vt 0.501 0.519
vt 0.498 0.515
vt 0.506 0.509
vt 0.504 0.512
vt 0.502 0.508
vt 0.502 0.561
vt 0.503 0.557
vt 0.491 0.382
vt 0.491 0.381
vt 0.499 0.564
vt 0.358 0.474
vt 0.355 0.474
vt 0.356 0.470
vt 0.329 0.492
vt 0.328 0.501
vt 0.323 0.508
vt 0.316 0.498
vt 0.302 0.518
vt 0.299 0.495
vt 0.321 0.491
vt 0.275 0.491
vt 0.252 0.485
vt 0.283 0.533
vt 0.355 0.486
vt 0.358 0.486
vt 0.356 0.490
vt 0.506 0.474
vt 0.507 0.474
vt 0.506 0.474
vt 0.309 0.551
vt 0.339 0.548
vt 0.328 0.597
vt 0.274 0.582
vt 0.469 0.383
vt 0.462 0.384
vt 0.465 0.373
vt 0.450 0.377
vt 0.451 0.595
vt 0.406 0.495
vt 0.401 0.503
vt 0.404 0.518
vt 0.487 0.408
vt 0.393 0.468
vt 0.390 0.470
vt 0.665 0.405
vt 0.672 0.389
vt 0.475 0.388
vt 0.471 0.387
vt 0.328 0.530
vt 0.481 0.474
vt 0.478 0.474
vt 0.480 0.470
vt 0.474 0.474
vt 0.471 0.474
vt 0.473 0.470
vt 0.660 0.422
vt 0.397 0.470
vt 0.445 0.312
vt 0.471 0.323
vt 0.470 0.279
vt 0.509 0.281
vt 0.511 0.530
vt 0.516 0.531
vt 0.519 0.524
vt 0.391 0.488
vt 0.502 0.398
vt 0.396 0.488
vt 0.443 0.593
vt 0.434 0.589
vt 0.425 0.585
vt 0.435 0.571
vt 0.427 0.544
vt 0.410 0.538
vt 0.662 0.428
vt 0.660 0.426
vt 0.661 0.426
vt 0.449 0.614
vt 0.445 0.619
vt 0.438 0.611
vt 0.425 0.605
vt 0.508 0.486
vt 0.509 0.487
vt 0.508 0.488
vt 0.534 0.441
vt 0.499 0.617
vt 0.527 0.624
vt 0.574 0.608
vt 0.682 0.413
vt 0.694 0.429
vt 0.516 0.463
vt 0.516 0.465
vt 0.514 0.464
vt 0.457 0.612
vt 0.456 0.613
vt 0.495 0.374
vt 0.507 0.372
vt 0.500 0.368
vt 0.339 0.494
vt 0.510 0.496
vt 0.511 0.498
vt 0.502 0.548
vt 0.507 0.548
vt 0.330 0.472
vt 0.471 0.612
vt 0.606 0.460
vt 0.608 0.458
vt 0.611 0.459
vt 0.599 0.463
vt 0.512 0.454
vt 0.510 0.458
vt 0.422 0.347
vt 0.393 0.377
vt 0.374 0.320
vt 0.707 0.414
vt 0.716 0.437
vt 0.717 0.463
vt 0.745 0.448
vt 0.735 0.414
vt 0.476 0.568
vt 0.474 0.571
vt 0.472 0.567
vt 0.449 0.472
vt 0.507 0.487
vt 0.404 0.486
vt 0.402 0.490
vt 0.745 0.489
vt 0.776 0.446
vt 0.466 0.389
vt 0.464 0.400
vt 0.458 0.393
vt 0.451 0.407
vt 0.433 0.392
vt 0.558 0.644
vt 0.607 0.649
vt 0.552 0.697
vt 0.467 0.577
vt 0.351 0.474
vt 0.349 0.470
vt 0.530 0.455
vt 0.533 0.453
vt 0.498 0.427
vt 0.496 0.431
vt 0.470 0.618
vt 0.341 0.486
vt 0.342 0.490
vt 0.351 0.486
vt 0.349 0.490
vt 0.337 0.477
vt 0.336 0.476
vt 0.619 0.463
vt 0.616 0.474
vt 0.613 0.464
vt 0.331 0.487
vt 0.563 0.461
vt 0.560 0.458
vt 0.480 0.490
vt 0.471 0.486
vt 0.473 0.490
vt 0.465 0.620
vt 0.464 0.621
vt 0.606 0.455
vt 0.608 0.457
vt 0.606 0.458
vt 0.614 0.457
vt 0.447 0.490
vt 0.447 0.486
vt 0.448 0.487
vt 0.483 0.554
vt 0.482 0.552
vt 0.481 0.557
vt 0.481 0.554
vt 0.477 0.557
vt 0.412 0.563
vt 0.613 0.453
vt 0.613 0.454
vt 0.488 0.497
vt 0.457 0.616
vt 0.487 0.547
vt 0.485 0.547
vt 0.489 0.543
vt 0.486 0.544
vt 0.487 0.539
vt 0.335 0.357
vt 0.322 0.305
vt 0.308 0.474
vt 0.454 0.486
vt 0.453 0.487
vt 0.457 0.486
vt 0.456 0.488
vt 0.459 0.490
vt 0.412 0.497
vt 0.258 0.517
vt 0.214 0.511
vt 0.492 0.376
vt 0.505 0.386
vt 0.476 0.405
vt 0.468 0.410
vt 0.764 0.525
vt 0.723 0.529
vt 0.451 0.610
vt 0.532 0.356
vt 0.553 0.381
vt 0.577 0.348
vt 0.667 0.432
vt 0.666 0.435
vt 0.675 0.437
vt 0.686 0.449
vt 0.671 0.435
vt 0.664 0.434
vt 0.671 0.443
vt 0.667 0.448
vt 0.676 0.452
vt 0.672 0.464
vt 0.615 0.454
vt 0.513 0.380
vt 0.521 0.367
vt 0.513 0.346
vt 0.539 0.314
vt 0.555 0.262
vt 0.626 0.468
vt 0.636 0.475
vt 0.623 0.495
vt 0.636 0.535
vt 0.652 0.504
vt 0.647 0.488
vt 0.682 0.495
vt 0.678 0.539
vt 0.706 0.570
vt 0.445 0.488
vt 0.397 0.474
vt 0.396 0.473
vt 0.399 0.472
vt 0.747 0.386
vt 0.765 0.414
vt 0.816 0.411
vt 0.789 0.373
vt 0.839 0.359
vt 0.758 0.334
vt 0.390 0.474
vt 0.391 0.473
vt 0.388 0.472
vt 0.492 0.236
vt 0.428 0.267
vt 0.661 0.446
vt 0.662 0.457
vt 0.495 0.562
vt 0.497 0.562
vt 0.496 0.564
vt 0.499 0.554
vt 0.500 0.556
vt 0.501 0.554
vt 0.501 0.551
vt 0.504 0.552
vt 0.665 0.430
vt 0.625 0.593
vt 0.603 0.445
vt 0.603 0.443
vt 0.600 0.443
vt 0.599 0.446
vt 0.597 0.443
vt 0.487 0.404
vt 0.486 0.405
vt 0.486 0.402
vt 0.485 0.404
vt 0.666 0.585
vt 0.499 0.396
vt 0.500 0.396
vt 0.498 0.394
vt 0.499 0.394
vt 0.609 0.442
vt 0.608 0.441
vt 0.610 0.439
vt 0.458 0.618
vt 0.455 0.622
vt 0.457 0.628
vt 0.455 0.642
vt 0.450 0.660
vt 0.445 0.702
vt 0.405 0.709
vt 0.451 0.634
vt 0.475 0.735
vt 0.460 0.779
vt 0.513 0.777
vt 0.267 0.358
vt 0.456 0.581
vt 0.508 0.358
vt 0.770 0.283
vt 0.804 0.321
vt 0.821 0.263
vt 0.494 0.187
vt 0.532 0.214
vt 0.430 0.746
vt 0.411 0.802
vt 0.257 0.553
vt 0.250 0.624
vt 0.239 0.587
vt 0.483 0.402
vt 0.480 0.404
vt 0.499 0.392
vt 0.502 0.389
vt 0.718 0.294
vt 0.337 0.646
vt 0.295 0.631
vt 0.268 0.672
vt 0.294 0.715
vt 0.239 0.727
vt 0.514 0.716
vt 0.245 0.446
vt 0.410 0.595
vt 0.423 0.424
vt 0.383 0.757
vt 0.358 0.809
vt 0.454 0.611
vt 0.454 0.612
vt 0.653 0.637
vt 0.659 0.420
vt 0.660 0.418
vt 0.662 0.411
vt 0.661 0.415
vt 0.666 0.414
vt 0.674 0.412
vt 0.679 0.400
vt 0.694 0.377
vt 0.695 0.402
vt 0.659 0.418
vt 0.659 0.416
vt 0.696 0.348
vt 0.723 0.364
vt 0.714 0.390
vt 0.722 0.329
vt 0.868 0.407
vt 0.609 0.463
vt 0.609 0.470
vt 0.607 0.484
vt 0.507 0.466
vt 0.479 0.387
vt 0.781 0.226
vt 0.782 0.488
vt 0.808 0.528
vt 0.853 0.534
vt 0.825 0.586
vt 0.558 0.494
vt 0.684 0.463
vt 0.700 0.458
vt 0.704 0.485
vt 0.679 0.478
vt 0.665 0.490
vt 0.783 0.569
vt 0.779 0.618
vt 0.745 0.589
vt 0.349 0.708
vt 0.327 0.761
vt 0.224 0.664
vt 0.113 0.466
vt 0.168 0.475
vt 0.134 0.521
vt 0.000 0.625
vt 0.000 0.563
vt 0.047 0.594
vt 0.507 0.472
vt 0.000 0.750
vt 0.000 0.688
vt 0.046 0.717
vt 0.071 0.771
vt 0.100 0.719
vt 0.409 0.310
vt 0.383 0.277
vt 0.395 0.235
vt 0.827 0.209
vt 0.233 0.534
vt 0.198 0.558
vt 0.219 0.472
vt 0.603 0.251
vt 0.587 0.298
vt 0.214 0.437
vt 0.203 0.403
vt 0.178 0.433
vt 0.742 0.633
vt 0.774 0.666
vt 0.703 0.635
vt 0.724 0.674
vt 0.751 0.707
vt 0.709 0.719
vt 0.741 0.766
vt 0.675 0.691
vt 0.671 0.738
vt 0.645 0.776
vt 0.695 0.788
vt 0.630 0.734
vt 0.606 0.770
vt 0.620 0.814
vt 0.604 0.858
vt 0.645 0.851
vt 0.630 0.901
vt 0.579 0.820
vt 0.566 0.776
vt 0.561 0.865
vt 0.598 0.704
vt 0.636 0.690
vt 0.293 0.897
vt 0.337 0.863
vt 0.343 0.926
vt 0.686 0.854
vt 0.667 0.817
vt 0.174 0.520
vt 1.000 0.375
vt 1.000 0.438
vt 0.958 0.406
vt 0.582 0.740
vt 0.544 0.741
vt 0.231 0.411
vt 0.223 0.378
vt 0.223 0.343
vt 0.194 0.371
vt 0.172 0.397
vt 0.145 0.415
vt 0.168 0.354
vt 0.193 0.337
vt 0.215 0.303
vt 0.165 0.315
vt 0.192 0.271
vt 0.261 0.287
vt 0.229 0.263
vt 0.138 0.337
vt 0.134 0.296
vt 0.204 0.232
vt 0.240 0.223
vt 0.205 0.190
vt 0.276 0.211
vt 0.246 0.174
vt 0.289 0.164
vt 0.173 0.211
vt 0.137 0.220
vt 0.144 0.165
vt 0.000 0.125
vt 0.000 0.063
vt 0.047 0.094
vt 0.162 0.249
vt 0.267 0.249
vt 0.297 0.274
vt 0.128 0.258
vt 0.096 0.283
vt 0.112 0.360
vt 0.106 0.322
vt 0.060 0.300
vt 0.069 0.349
vt 0.101 0.230
vt 0.066 0.221
vt 0.091 0.188
vt 0.082 0.395
vt 0.064 0.438
vt 0.038 0.398
vt 0.000 0.438
vt 0.000 0.375
vt 0.145 0.379
vt 0.116 0.397
vt 0.118 0.431
vt 0.145 0.450
vt 0.067 0.261
vt 0.031 0.273
vt 0.000 0.313
vt 0.000 0.250
vt 0.032 0.233
vt 0.000 0.188
vt 0.038 0.191
vt 0.000 0.156
vt 0.039 0.141
vt 0.330 0.148
vt 0.299 0.121
vt 0.262 0.105
vt 0.295 0.066
vt 0.321 0.192
vt 0.372 0.183
vt 0.332 0.108
vt 0.344 0.070
vt 0.381 0.106
vt 0.357 0.130
vt 0.387 0.141
vt 0.400 0.171
vt 0.419 0.144
vt 0.431 0.176
vt 0.469 0.138
vt 0.444 0.209
vt 0.412 0.205
vt 0.463 0.181
vt 0.424 0.235
vt 0.457 0.244
vt 0.472 0.212
vt 1.000 0.563
vt 1.000 0.625
vt 0.959 0.594
vt 0.912 0.609
vt 0.922 0.550
vt 0.244 0.906
vt 0.276 0.951
vt 0.194 0.907
vt 0.220 0.955
vt 0.250 1.000
vt 0.369 0.405
vt 0.523 0.841
vt 0.527 0.885
vt 0.502 0.919
vt 0.547 0.932
vt 0.494 0.866
vt 0.458 0.854
vt 0.466 0.899
vt 0.464 0.954
vt 0.438 1.000
vt 0.416 0.951
vt 0.430 0.884
vt 0.395 0.901
vt 0.396 0.850
vt 0.486 0.819
vt 0.438 0.922
vt 0.738 0.245
vt 0.176 0.174
vt 0.138 0.110
vt 0.168 0.133
vt 0.209 0.127
vt 0.184 0.093
vt 0.163 0.055
vt 0.217 0.059
vt 0.201 0.158
vt 0.228 0.150
vt 0.259 0.141
vt 0.236 0.119
vt 0.238 0.085
vt 0.255 0.045
vt 0.250 0.000
vt 0.281 0.000
vt 0.313 0.000
vt 0.297 0.031
vt 0.332 0.033
vt 0.368 0.040
vt 0.375 0.000
vt 0.406 0.000
vt 0.438 0.000
vt 0.422 0.031
vt 0.413 0.066
vt 0.456 0.032
vt 0.471 0.066
vt 0.488 0.034
vt 0.531 0.000
vt 0.563 0.000
vt 0.547 0.049
vt 0.504 0.066
vt 0.524 0.095
vt 0.488 0.103
vt 0.514 0.143
vt 0.594 0.040
vt 0.553 0.128
vt 0.519 0.036
vt 0.500 0.000
vt 0.469 0.000
vt 0.344 0.000
vt 0.450 0.101
vt 0.079 0.146
vt 0.111 0.157
vt 0.104 0.119
vt 0.123 0.189
vt 0.115 0.086
vt 0.128 0.049
vt 0.094 0.060
vt 0.074 0.112
vt 0.125 0.000
vt 0.094 0.000
vt 0.063 0.000
vt 0.078 0.030
vt 0.036 0.038
vt 0.000 0.000
vt 0.062 0.061
vt 0.188 0.000
vt 0.156 0.000
vt 0.034 0.332
vt 0.442 0.062
vt 0.156 0.950
vt 0.141 0.890
vt 0.545 0.809
vt 0.105 0.659
vt 0.142 0.693
vt 0.144 0.757
vt 0.148 0.643
vt 0.363 0.371
vt 0.298 0.237
vt 0.333 0.236
vt 0.607 0.530
vt 0.600 0.567
vt 0.569 0.573
vt 0.244 0.317
vt 0.278 0.321
vt 0.301 0.351
vt 0.145 0.585
vt 0.116 0.616
vt 0.077 0.627
vt 0.220 0.615
vt 0.190 0.627
vt 0.196 0.592
vt 0.169 0.604
vt 0.172 0.572
vt 0.147 0.551
vt 0.121 0.566
vt 0.353 0.292
vt 0.328 0.270
vt 0.358 0.257
vt 0.364 0.220
vt 0.664 0.886
vt 0.666 0.933
vt 0.704 0.895
vt 0.742 0.914
vt 0.742 0.856
vt 0.774 0.812
vt 0.793 0.867
vt 0.708 0.943
vt 0.839 0.896
vt 0.794 0.928
vt 0.823 0.823
vt 0.744 0.957
vt 0.750 1.000
vt 0.781 1.000
vt 0.813 1.000
vt 0.797 0.966
vt 0.844 0.960
vt 0.719 1.000
vt 0.688 1.000
vt 0.870 0.805
vt 0.858 0.852
vt 0.880 0.891
vt 0.897 0.840
vt 0.919 0.879
vt 0.934 0.840
vt 0.959 0.876
vt 0.941 0.922
vt 0.942 0.800
vt 0.967 0.828
vt 1.000 0.813
vt 1.000 0.875
vt 0.906 0.800
vt 0.924 0.755
vt 0.883 0.762
vt 0.841 0.769
vt 0.814 0.731
vt 0.799 0.775
vt 0.776 0.740
vt 0.789 0.702
vt 0.822 0.694
vt 0.846 0.720
vt 0.878 0.708
vt 0.854 0.685
vt 0.832 0.658
vt 0.894 0.659
vt 0.865 0.617
vt 0.862 0.651
vt 0.804 0.668
vt 0.809 0.631
vt 0.863 0.926
vt 0.954 0.719
vt 0.916 0.712
vt 0.838 0.627
vt 0.883 0.572
vt 0.818 0.944
vt 0.559 0.088
vt 0.591 0.109
vt 1.000 0.906
vt 1.000 0.938
vt 0.972 0.922
vt 0.957 0.962
vt 1.000 1.000
vt 0.938 1.000
vt 0.924 0.965
vt 0.899 0.940
vt 0.906 1.000
vt 0.875 1.000
vt 0.891 0.972
vt 0.161 0.282
vt 0.974 0.792
vt 1.000 0.750
vt 0.953 0.767
vt 0.613 0.374
vt 0.638 0.357
vt 0.610 0.336
vt 0.640 0.319
vt 0.659 0.288
vt 0.624 0.283
vt 0.673 0.322
vt 0.646 0.241
vt 0.616 0.197
vt 0.688 0.294
vt 0.704 0.261
vt 0.694 0.226
vt 0.675 0.253
vt 0.667 0.355
vt 0.657 0.166
vt 0.617 0.148
vt 0.649 0.123
vt 0.656 0.079
vt 0.624 0.095
vt 0.627 0.055
vt 0.625 0.000
vt 0.663 0.035
vt 0.599 0.075
vt 0.687 0.063
vt 0.688 0.000
vt 0.719 0.052
vt 0.710 0.086
vt 0.707 0.121
vt 0.682 0.100
vt 0.735 0.107
vt 0.763 0.090
vt 0.768 0.137
vt 0.733 0.145
vt 0.749 0.179
vt 0.708 0.182
vt 0.818 0.156
vt 0.804 0.108
vt 0.850 0.118
vt 0.894 0.100
vt 0.885 0.150
vt 0.798 0.057
vt 0.678 0.134
vt 0.759 0.044
vt 0.750 0.000
vt 0.921 0.132
vt 0.942 0.170
vt 0.961 0.131
vt 0.945 0.075
vt 1.000 0.125
vt 1.000 0.094
vt 1.000 0.063
vt 0.974 0.078
vt 0.963 0.040
vt 0.938 0.000
vt 0.969 0.000
vt 1.000 0.000
vt 0.927 0.039
vt 0.913 0.072
vt 0.889 0.039
vt 0.785 0.173
vt 0.875 0.000
vt 0.906 0.000
vt 0.374 0.073
vt 0.517 0.960
vt 0.500 1.000
vt 0.306 0.672
vt 0.781 0.000
vt 0.813 0.000
vt 0.856 0.241
vt 0.878 0.201
vt 0.871 0.284
vt 0.893 0.249
vt 0.932 0.248
vt 0.912 0.214
vt 0.949 0.211
vt 0.966 0.245
vt 0.953 0.298
vt 0.912 0.291
vt 0.922 0.347
vt 1.000 0.313
vt 1.000 0.281
vt 1.000 0.250
vt 0.886 0.327
vt 0.889 0.371
vt 0.923 0.390
vt 0.914 0.433
vt 0.849 0.318
vt 1.000 0.219
vt 0.903 0.180
vt 0.967 0.344
vt 0.844 0.000
vt 0.828 0.030
vt 0.859 0.030
vt 0.844 0.060
vt 0.890 0.531
vt 0.882 0.482
vt 0.917 0.516
vt 0.940 0.493
vt 0.912 0.482
vt 0.935 0.459
vt 1.000 0.469
vt 0.969 0.453
vt 0.097 0.877
vt 0.074 0.922
vt 0.060 0.883
vt 0.035 0.918
vt 0.000 0.938
vt 0.000 0.875
vt 0.063 1.000
vt 0.031 1.000
vt 0.047 0.960
vt 0.000 1.000
vt 0.000 0.969
vt 0.086 0.965
vt 0.117 0.931
vt 0.056 0.841
vt 0.031 0.865
vt 0.027 0.830
vt 0.000 0.813
vt 0.032 0.784
vt 0.568 0.222
vt 0.566 0.181
vt 0.516 0.809
vt 0.427 0.849
vt 0.447 0.816
vt 1.000 0.156
vt 1.000 0.188
vt 0.973 0.172
vt 0.969 1.000
vt 0.094 1.000
vt 1.000 0.500
vt 0.964 0.535
vt 0.583 0.146
vt 0.531 1.000
vt 0.563 1.000
vt 0.547 0.969
vt 0.581 0.968
vt 0.594 0.933
vt 0.614 0.963
vt 0.656 1.000
vt 0.672 0.968
vt 0.594 1.000
vt 0.625 1.000
vt 0.644 0.955
vt 0.623 0.932
vt 0.946 0.368
vt 0.853 0.170
vt 0.731 0.811
vt 0.656 0.000
vt 0.587 0.893
vt 0.557 0.899
vt 0.091 0.594
vt 0.092 0.558
vt 0.059 0.805
vt 0.096 0.801
vt 0.107 0.762
vt 0.120 0.833
vt 0.131 0.794
vt 0.166 0.788
vt 0.194 0.751
vt 0.190 0.818
vt 0.155 0.826
vt 0.179 0.864
vt 0.219 0.871
vt 0.254 0.851
vt 0.223 0.831
vt 0.217 0.789
vt 0.088 0.836
vt 0.142 0.856
vt 0.250 0.819
vt 0.255 0.787
vt 0.277 0.830
vt 0.303 0.818
vt 0.302 0.858
vt 0.235 0.761
vt 0.270 0.749
vt 0.289 0.782
vt 0.299 0.751
vt 0.276 0.871
vt 0.042 0.544
vt 0.677 0.195
vt 0.647 0.199
vt 0.827 0.475
vt 0.801 0.463
vt 0.824 0.443
vt 0.857 0.455
vt 0.887 0.448
vt 0.379 0.940
vt 0.344 1.000
vt 0.313 1.000
vt 0.328 0.963
vt 0.309 0.931
vt 0.375 1.000
vt 0.359 0.969
vt 0.299 0.970
vt 0.281 1.000
vt 0.406 1.000
vt 0.391 0.971
vt 0.696 0.822
vt 0.219 0.000
vt 0.203 0.029
vt 0.042 0.364
vt 0.938 0.689
vt 0.969 0.689
vt 0.950 0.658
vt 1.000 0.688
vt 1.000 0.656
vt 0.975 0.641
vt 1.000 0.719
vt 0.949 0.625
vt 0.922 0.643
vt 0.723 0.213
vt 0.753 0.216
vt 0.825 0.860
vt 0.770 0.772
vt 0.000 0.500
vt 0.032 0.469
vt 0.033 0.507
vt 0.067 0.502
vt 0.000 0.531
vt 0.372 0.670
vt 0.402 0.660
vt 0.358 0.579
vt 0.356 0.616
vt 0.896 0.402
vt 0.031 0.433
vt 0.842 0.286
vt 0.165 0.724
vt 0.189 0.694
vt 0.699 0.753
vt 0.045 0.752
vt 0.746 0.554
vt 0.541 0.160
vt 0.722 0.609
vt 0.692 0.602
vt 0.031 0.000
vt 0.370 0.875
vt 0.361 0.843
vt 0.332 0.829
vt 0.326 0.796
vt 0.522 0.248
vt 0.064 0.175
vt 0.415 0.105
vt 0.117 0.966
vt 0.125 1.000
vt 0.905 0.908
vt 0.578 0.674
vt 0.049 0.626
vt 0.049 0.657
vt 0.025 0.641
vt 0.077 0.659
vt 0.062 0.688
vt 0.031 0.687
vt 0.695 0.666
vt 0.166 0.671
vt 0.194 0.661
vt 0.970 0.502
vt 0.855 0.584
vt 0.060 0.470
vt 0.087 0.480
vt 0.099 0.517
vt 0.074 0.533
vt 0.844 1.000
vt 0.864 0.087
vt 0.594 0.000
vt 0.220 0.699
vt 0.763 0.885
vt 0.833 0.509
vt 0.189 0.944
vt 0.188 1.000
vt 0.469 1.000
vt 0.820 0.079
vt 0.219 1.000
vt 0.156 1.000
vt 0.719 0.000
vt 0.356 0.774
vt 0.358 0.740

g Background
usemtl Terrain_Area
f 1/1 2/2 3/3
f 4/4 5/5 6/6
f 7/7 8/8 9/9
f 6/6 5/5 10/10
f 6/6 10/10 11/11
f 12/12 13/13 14/14
f 15/15 16/16 17/17
f 18/18 19/19 20/20
f 19/19 21/21 20/20
f 1/1 3/3 22/22
f 23/23 24/24 25/25
f 17/17 16/16 26/26
f 27/27 28/28 29/29
f 30/30 27/27 29/29
f 31/31 32/32 33/33
f 32/32 34/34 33/33
f 35/35 36/36 37/37
f 38/38 39/39 40/40
f 28/28 27/27 41/41
f 42/42 43/43 44/44
f 38/38 40/40 45/45
f 18/18 20/20 46/46
f 20/20 21/21 47/47
f 36/36 35/35 48/48
f 21/21 36/36 48/48
f 23/23 25/25 49/49
f 43/43 42/42 50/50
f 51/51 43/43 50/50
f 52/52 12/12 53/53
f 12/12 14/14 53/53
f 17/17 26/26 54/54
f 55/55 51/51 56/56
f 51/51 50/50 56/56
f 53/53 14/14 57/57
f 14/14 58/58 57/57
f 34/34 32/32 59/59
f 32/32 60/60 59/59
f 32/32 31/31 61/61
f 62/62 32/32 61/61
f 3/3 63/63 64/64
f 22/22 3/3 64/64
f 35/35 37/37 65/65
f 66/66 67/67 68/68
f 41/41 66/66 68/68
f 28/28 41/41 69/69
f 42/42 44/44 70/70
f 71/71 1/1 72/72
f 1/1 22/22 72/72
f 33/33 34/34 73/73
f 74/74 75/75 76/76
f 75/75 30/30 76/76
f 30/30 29/29 76/76
f 72/72 22/22 77/77
f 22/22 78/78 77/77
f 31/31 33/33 79/79
f 29/29 28/28 80/80
f 81/81 82/82 83/83
f 82/82 84/84 83/83
f 23/23 49/49 85/85
f 49/49 25/25 86/86
f 87/87 88/88 89/89
f 18/18 46/46 90/90
f 91/91 18/18 90/90
f 55/55 56/56 92/92
f 47/47 21/21 93/93
f 21/21 48/48 93/93
f 57/57 58/58 94/94
f 35/35 95/95 96/96
f 48/48 35/35 96/96
f 38/38 45/45 97/97
f 98/98 38/38 97/97
f 54/54 26/26 99/99
f 20/20 47/47 100/100
f 101/101 20/20 100/100
f 102/102 62/62 103/103
f 62/62 61/61 103/103
f 42/42 104/104 105/105
f 50/50 42/42 105/105
f 56/56 50/50 106/106
f 78/78 22/22 107/107
f 22/22 64/64 107/107
f 53/53 57/57 108/108
f 109/109 52/52 110/110
f 52/52 53/53 110/110
f 97/97 45/45 111/111
f 112/112 33/33 113/113
f 33/33 73/73 113/113
f 60/60 114/114 115/115
f 59/59 60/60 115/115
f 100/100 47/47 116/116
f 47/47 93/93 116/116
f 65/65 37/37 117/117
f 37/37 118/118 117/117
f 41/41 68/68 119/119
f 69/69 41/41 119/119
f 120/120 121/121 122/122
f 123/123 120/120 122/122
f 44/44 124/124 125/125
f 70/70 44/44 125/125
f 93/93 48/48 126/126
f 91/91 90/90 127/127
f 33/33 112/112 128/128
f 79/79 33/33 128/128
f 76/76 29/29 129/129
f 29/29 80/80 129/129
f 49/49 86/86 130/130
f 83/83 84/84 131/131
f 84/84 132/132 131/131
f 77/77 78/78 133/133
f 75/75 74/74 134/134
f 135/135 75/75 134/134
f 136/136 34/34 137/137
f 34/34 59/59 137/137
f 95/95 35/35 138/138
f 35/35 65/65 138/138
f 139/139 28/28 140/140
f 28/28 69/69 140/140
f 98/98 97/97 141/141
f 104/104 42/42 142/142
f 42/42 70/70 142/142
f 94/94 58/58 143/143
f 112/112 144/144 145/145
f 87/87 89/89 146/146
f 92/92 56/56 147/147
f 90/90 46/46 148/148
f 46/46 149/149 148/148
f 57/57 94/94 150/150
f 103/103 61/61 151/151
f 68/68 67/67 152/152
f 45/45 40/40 153/153
f 40/40 154/154 153/153
f 28/28 139/139 155/155
f 80/80 28/28 155/155
f 85/85 49/49 156/156
f 49/49 130/130 156/156
f 157/157 81/81 158/158
f 81/81 83/83 158/158
f 107/107 64/64 159/159
f 160/160 31/31 161/161
f 31/31 79/79 161/161
f 162/162 163/163 164/164
f 72/72 77/77 165/165
f 166/166 167/167 168/168
f 169/169 170/170 171/171
f 134/134 74/74 171/171
f 113/113 73/73 172/172
f 74/74 76/76 173/173
f 174/174 175/175 176/176
f 85/85 156/156 177/177
f 26/26 178/178 179/179
f 99/99 26/26 179/179
f 180/180 181/181 182/182
f 54/54 99/99 182/182
f 183/183 54/54 182/182
f 184/184 185/185 186/186
f 129/129 80/80 186/186
f 34/34 136/136 187/187
f 73/73 34/34 187/187
f 188/188 189/189 190/190
f 83/83 131/131 190/190
f 191/191 192/192 193/193
f 131/131 132/132 193/193
f 78/78 107/107 194/194
f 195/195 78/78 194/194
f 55/55 92/92 196/196
f 197/197 198/198 199/199
f 151/151 61/61 200/200
f 31/31 160/160 200/200
f 61/61 31/31 200/200
f 201/201 202/202 203/203
f 204/204 205/205 206/206
f 59/59 115/115 207/207
f 208/208 209/209 210/210
f 79/79 128/128 210/210
f 65/65 117/117 211/211
f 212/212 213/213 214/214
f 213/213 215/215 214/214
f 100/100 116/116 214/214
f 69/69 119/119 216/216
f 217/217 218/218 219/219
f 122/122 121/121 220/220
f 70/70 125/125 221/221
f 222/222 223/223 224/224
f 77/77 133/133 225/225
f 101/101 100/100 226/226
f 50/50 105/105 227/227
f 106/106 50/50 227/227
f 228/228 229/229 230/230
f 231/231 232/232 233/233
f 234/234 231/231 233/233
f 235/235 234/234 233/233
f 53/53 108/108 236/236
f 110/110 53/53 236/236
f 237/237 238/238 239/239
f 93/93 126/126 239/239
f 240/240 241/241 242/242
f 116/116 93/93 242/242
f 93/93 239/239 242/242
f 243/243 244/244 245/245
f 246/246 247/247 248/248
f 130/130 86/86 248/248
f 86/86 245/245 248/248
f 249/249 250/250 251/251
f 97/97 111/111 251/251
f 252/252 253/253 254/254
f 146/146 89/89 254/254
f 255/255 256/256 257/257
f 48/48 96/96 257/257
f 126/126 48/48 257/257
f 257/257 96/96 258/258
f 96/96 95/95 258/258
f 259/259 260/260 261/261
f 262/262 263/263 264/264
f 265/265 91/91 264/264
f 91/91 127/127 264/264
f 266/266 267/267 268/268
f 265/265 264/264 268/268
f 269/269 270/270 271/271
f 272/272 273/273 274/274
f 275/275 272/272 274/274
f 127/127 90/90 276/276
f 277/277 278/278 279/279
f 280/280 281/281 282/282
f 279/279 103/103 282/282
f 103/103 151/151 282/282
f 283/283 284/284 285/285
f 286/286 287/287 288/288
f 270/270 269/269 289/289
f 287/287 286/286 290/290
f 291/291 292/292 293/293
f 92/92 147/147 293/293
f 294/294 295/295 296/296
f 107/107 159/159 296/296
f 297/297 298/298 299/299
f 300/300 301/301 302/302
f 150/150 94/94 302/302
f 303/303 304/304 305/305
f 179/179 178/178 305/305
f 306/306 71/71 307/307
f 71/71 72/72 307/307
f 308/308 11/11 309/309
f 310/310 311/311 312/312
f 113/113 172/172 312/312
f 313/313 314/314 315/315
f 316/316 317/317 318/318
f 74/74 173/173 318/318
f 319/319 320/320 321/321
f 284/284 283/283 322/322
f 323/323 324/324 325/325
f 78/78 195/195 325/325
f 133/133 78/78 325/325
f 326/326 327/327 328/328
f 64/64 63/63 329/329
f 330/330 331/331 332/332
f 117/117 118/118 332/332
f 333/333 334/334 335/335
f 119/119 68/68 335/335
f 336/336 337/337 338/338
f 123/123 122/122 338/338
f 339/339 340/340 341/341
f 125/125 124/124 341/341
f 128/128 112/112 342/342
f 112/112 145/145 342/342
f 343/343 344/344 345/345
f 129/129 186/186 345/345
f 185/185 343/343 345/345
f 186/186 185/185 345/345
f 346/346 347/347 348/348
f 76/76 129/129 348/348
f 129/129 345/345 348/348
f 344/344 346/346 348/348
f 345/345 344/344 348/348
f 56/56 106/106 349/349
f 147/147 56/56 349/349
f 108/108 57/57 350/350
f 57/57 150/150 350/350
f 351/351 352/352 353/353
f 182/182 99/99 353/353
f 352/352 180/180 353/353
f 180/180 182/182 353/353
f 99/99 179/179 353/353
f 354/354 351/351 353/353
f 179/179 354/354 353/353
f 355/355 356/356 357/357
f 358/358 359/359 360/360
f 105/105 104/104 360/360
f 356/356 355/355 361/361
f 321/321 362/362 363/363
f 362/362 364/364 363/363
f 319/319 321/321 363/363
f 365/365 319/319 363/363
f 366/366 367/367 368/368
f 109/109 110/110 368/368
f 369/369 370/370 371/371
f 372/372 299/299 373/373
f 299/299 298/298 373/373
f 298/298 374/374 373/373
f 375/375 372/372 373/373
f 370/370 369/369 376/376
f 377/377 378/378 379/379
f 148/148 149/149 379/379
f 378/378 380/380 379/379
f 380/380 148/148 379/379
f 381/381 377/377 379/379
f 174/174 176/176 382/382
f 176/176 383/383 382/382
f 384/384 385/385 386/386
f 309/309 387/387 388/388
f 386/386 389/389 390/390
f 309/309 388/388 390/390
f 389/389 308/308 390/390
f 308/308 309/309 390/390
f 384/384 386/386 390/390
f 388/388 384/384 390/390
f 391/391 392/392 393/393
f 394/394 395/395 396/396
f 395/395 381/381 396/396
f 381/381 379/379 396/396
f 379/379 149/149 396/396
f 223/223 394/394 396/396
f 224/224 223/223 396/396
f 392/392 391/391 397/397
f 398/398 219/219 399/399
f 400/400 398/398 399/399
f 218/218 401/401 399/399
f 219/219 218/218 399/399
f 402/402 403/403 404/404
f 403/403 405/405 404/404
f 405/405 183/183 404/404
f 183/183 182/182 404/404
f 181/181 402/402 404/404
f 182/182 181/181 404/404
f 406/406 407/407 408/408
f 210/210 128/128 408/408
f 407/407 208/208 408/408
f 208/208 210/210 408/408
f 409/409 410/410 411/411
f 195/195 194/194 411/411
f 412/412 409/409 411/411
f 194/194 412/412 411/411
f 165/165 77/77 413/413
f 77/77 225/225 413/413
f 414/414 415/415 416/416
f 417/417 414/414 416/416
f 135/135 134/134 416/416
f 168/168 135/135 416/416
f 418/418 419/419 420/420
f 154/154 421/421 420/420
f 153/153 154/154 420/420
f 422/422 423/423 424/424
f 111/111 45/45 424/424
f 45/45 153/153 424/424
f 153/153 420/420 424/424
f 419/419 422/422 424/424
f 420/420 419/419 424/424
f 425/425 426/426 427/427
f 362/362 321/321 428/428
f 321/321 320/320 428/428
f 320/320 429/429 428/428
f 364/364 362/362 428/428
f 429/429 430/430 428/428
f 431/431 432/432 433/433
f 434/434 393/393 435/435
f 397/397 436/436 437/437
f 438/438 433/433 439/439
f 433/433 432/432 439/439
f 432/432 435/435 439/439
f 435/435 393/393 439/439
f 392/392 438/438 439/439
f 393/393 392/392 439/439
f 433/433 438/438 440/440
f 397/397 437/437 440/440
f 438/438 392/392 440/440
f 392/392 397/397 440/440
f 431/431 433/433 440/440
f 437/437 431/431 440/440
f 441/441 442/442 443/443
f 126/126 257/257 443/443
f 256/256 441/441 443/443
f 257/257 256/256 443/443
f 444/444 445/445 446/446
f 447/447 448/448 449/449
f 450/450 446/446 449/449
f 445/445 447/447 449/449
f 446/446 445/445 449/449
f 451/451 452/452 453/453
f 452/452 417/417 453/453
f 417/417 416/416 453/453
f 416/416 134/134 453/453
f 134/134 171/171 453/453
f 170/170 451/451 453/453
f 171/171 170/170 453/453
f 389/389 386/386 454/454
f 386/386 385/385 454/454
f 299/299 372/372 455/455
f 372/372 375/375 455/455
f 456/456 457/457 455/455
f 297/297 299/299 455/455
f 457/457 297/297 455/455
f 458/458 459/459 460/460
f 190/190 131/131 460/460
f 459/459 188/188 460/460
f 188/188 190/190 460/460
f 131/131 193/193 460/460
f 192/192 458/458 460/460
f 193/193 192/192 460/460
f 461/461 462/462 463/463
f 233/233 275/275 463/463
f 462/462 235/235 463/463
f 235/235 233/233 463/463
f 275/275 274/274 463/463
f 464/464 461/461 463/463
f 274/274 464/464 463/463
f 465/465 466/466 467/467
f 349/349 106/106 467/467
f 466/466 468/468 467/467
f 468/468 349/349 467/467
f 106/106 227/227 467/467
f 469/469 465/465 467/467
f 227/227 469/469 467/467
f 470/470 471/471 472/472
f 371/371 473/473 474/474
f 475/475 376/376 476/476
f 472/472 477/477 478/478
f 371/371 474/474 478/478
f 477/477 369/369 478/478
f 369/369 371/371 478/478
f 470/470 472/472 478/478
f 474/474 470/470 478/478
f 477/477 472/472 479/479
f 472/472 471/471 479/479
f 471/471 476/476 479/479
f 476/476 376/376 479/479
f 369/369 477/477 479/479
f 376/376 369/369 479/479
f 480/480 481/481 482/482
f 264/264 127/127 482/482
f 481/481 262/262 482/482
f 262/262 264/264 482/482
f 483/483 484/484 485/485
f 236/236 108/108 485/485
f 484/484 486/486 485/485
f 486/486 236/236 485/485
f 108/108 350/350 485/485
f 487/487 483/483 485/485
f 350/350 487/487 485/485
f 488/488 489/489 490/490
f 137/137 59/59 490/490
f 59/59 207/207 490/490
f 491/491 488/488 490/490
f 207/207 491/491 490/490
f 492/492 493/493 494/494
f 136/136 137/137 494/494
f 137/137 490/490 494/494
f 489/489 492/492 494/494
f 490/490 489/489 494/494
f 495/495 496/496 497/497
f 498/498 499/499 497/497
f 500/500 261/261 501/501
f 261/261 260/260 501/501
f 260/260 502/502 501/501
f 503/503 500/500 501/501
f 502/502 504/504 501/501
f 505/505 506/506 507/507
f 506/506 169/169 507/507
f 169/169 171/171 507/507
f 171/171 74/74 507/507
f 74/74 318/318 507/507
f 317/317 505/505 507/507
f 318/318 317/317 507/507
f 508/508 509/509 510/510
f 357/357 511/511 512/512
f 513/513 361/361 514/514
f 510/510 515/515 516/516
f 357/357 512/512 516/516
f 515/515 355/355 516/516
f 355/355 357/357 516/516
f 508/508 510/510 516/516
f 512/512 508/508 516/516
f 515/515 510/510 517/517
f 510/510 509/509 517/517
f 509/509 514/514 517/517
f 514/514 361/361 517/517
f 355/355 515/515 517/517
f 361/361 355/355 517/517
f 518/518 519/519 520/520
f 95/95 138/138 520/520
f 521/521 522/522 523/523
f 520/520 138/138 523/523
f 522/522 518/518 523/523
f 518/518 520/520 523/523
f 138/138 65/65 523/523
f 65/65 211/211 523/523
f 524/524 521/521 523/523
f 211/211 524/524 523/523
f 525/525 526/526 527/527
f 156/156 130/130 527/527
f 526/526 528/528 527/527
f 529/529 530/530 531/531
f 532/532 533/533 531/531
f 531/531 530/530 534/534
f 530/530 323/323 534/534
f 323/323 325/325 534/534
f 532/532 531/531 534/534
f 325/325 195/195 534/534
f 306/306 307/307 535/535
f 536/536 537/537 538/538
f 139/139 140/140 538/538
f 539/539 540/540 541/541
f 538/538 140/140 541/541
f 540/540 536/536 541/541
f 536/536 538/538 541/541
f 140/140 69/69 541/541
f 69/69 216/216 541/541
f 542/542 539/539 541/541
f 216/216 542/542 541/541
f 543/543 544/544 545/545
f 544/544 546/546 545/545
f 546/546 220/220 545/545
f 121/121 547/547 545/545
f 220/220 121/121 545/545
f 548/548 549/549 550/550
f 545/545 547/547 550/550
f 549/549 543/543 550/550
f 543/543 545/545 550/550
f 183/183 405/405 551/551
f 552/552 553/553 554/554
f 400/400 273/273 554/554
f 555/555 556/556 557/557
f 142/142 70/70 557/557
f 70/70 221/221 557/557
f 558/558 555/555 557/557
f 221/221 558/558 557/557
f 559/559 560/560 561/561
f 104/104 142/142 561/561
f 142/142 557/557 561/561
f 556/556 559/559 561/561
f 557/557 556/556 561/561
f 63/63 562/562 563/563
f 329/329 63/63 563/563
f 564/564 565/565 566/566
f 565/565 567/567 566/566
f 567/567 159/159 566/566
f 159/159 64/64 566/566
f 64/64 329/329 566/566
f 329/329 563/563 566/566
f 568/568 564/564 566/566
f 563/563 568/568 566/566
f 261/261 500/500 569/569
f 500/500 503/503 569/569
f 570/570 571/571 569/569
f 259/259 261/261 569/569
f 571/571 259/259 569/569
f 572/572 573/573 574/574
f 204/204 575/575 574/574
f 554/554 273/273 576/576
f 273/273 272/272 576/576
f 145/145 144/144 576/576
f 577/577 578/578 576/576
f 144/144 577/577 576/576
f 578/578 552/552 576/576
f 552/552 554/554 576/576
f 196/196 579/579 580/580
f 581/581 582/582 583/583
f 584/584 585/585 586/586
f 535/535 307/307 586/586
f 585/585 587/587 586/586
f 587/587 535/535 586/586
f 588/588 584/584 586/586
f 165/165 588/588 586/586
f 72/72 165/165 586/586
f 307/307 72/72 586/586
f 589/589 590/590 591/591
f 592/592 593/593 594/594
f 591/591 595/595 594/594
f 593/593 589/589 594/594
f 589/589 591/591 594/594
f 278/278 592/592 594/594
f 279/279 278/278 594/594
f 596/596 597/597 598/598
f 597/597 599/599 598/598
f 599/599 276/276 598/598
f 90/90 148/148 598/598
f 276/276 90/90 598/598
f 380/380 596/596 598/598
f 148/148 380/380 598/598
f 600/600 601/601 602/602
f 251/251 111/111 602/602
f 601/601 249/249 602/602
f 249/249 251/251 602/602
f 423/423 600/600 602/602
f 111/111 424/424 602/602
f 424/424 423/423 602/602
f 136/136 603/603 604/604
f 187/187 136/136 604/604
f 603/603 284/284 605/605
f 604/604 603/603 605/605
f 606/606 607/607 608/608
f 607/607 609/609 608/608
f 609/609 172/172 608/608
f 172/172 73/73 608/608
f 73/73 187/187 608/608
f 160/160 610/610 611/611
f 200/200 160/160 611/611
f 610/610 286/286 612/612
f 611/611 610/610 612/612
f 613/613 614/614 615/615
f 151/151 200/200 615/615
f 55/55 196/196 616/616
f 196/196 580/580 616/616
f 617/617 618/618 619/619
f 620/620 617/617 619/619
f 7/7 9/9 621/621
f 622/622 623/623 621/621
f 623/623 624/624 621/621
f 498/498 497/497 625/625
f 626/626 498/498 625/625
f 627/627 628/628 625/625
f 628/628 152/152 625/625
f 67/67 626/626 625/625
f 152/152 67/67 625/625
f 496/496 627/627 625/625
f 497/497 496/496 625/625
f 203/203 205/205 629/629
f 205/205 204/204 629/629
f 204/204 574/574 629/629
f 573/573 630/630 629/629
f 574/574 573/573 629/629
f 201/201 203/203 629/629
f 630/630 201/201 629/629
f 219/219 398/398 631/631
f 398/398 400/400 631/631
f 400/400 554/554 631/631
f 553/553 632/632 631/631
f 554/554 553/553 631/631
f 217/217 219/219 631/631
f 632/632 217/217 631/631
f 633/633 634/634 635/635
f 145/145 576/576 635/635
f 576/576 272/272 635/635
f 55/55 616/616 636/636
f 637/637 51/51 636/636
f 51/51 55/55 636/636
f 581/581 583/583 636/636
f 616/616 581/581 636/636
f 637/637 636/636 638/638
f 583/583 639/639 638/638
f 636/636 583/583 638/638
f 640/640 641/641 642/642
f 641/641 643/643 642/642
f 644/644 645/645 642/642
f 643/643 644/644 642/642
f 646/646 199/199 647/647
f 199/199 198/198 647/647
f 198/198 648/648 647/647
f 648/648 529/529 647/647
f 529/529 531/531 647/647
f 533/533 646/646 647/647
f 531/531 533/533 647/647
f 649/649 650/650 651/651
f 387/387 309/309 651/651
f 309/309 11/11 651/651
f 11/11 10/10 651/651
f 10/10 649/649 651/651
f 652/652 653/653 654/654
f 214/214 116/116 654/654
f 653/653 212/212 654/654
f 212/212 214/214 654/654
f 116/116 242/242 654/654
f 241/241 652/652 654/654
f 242/242 241/241 654/654
f 655/655 656/656 657/657
f 656/656 228/228 657/657
f 228/228 230/230 657/657
f 658/658 164/164 657/657
f 230/230 658/658 657/657
f 659/659 570/570 660/660
f 661/661 306/306 660/660
f 306/306 535/535 660/660
f 587/587 659/659 660/660
f 535/535 587/587 660/660
f 503/503 661/661 660/660
f 570/570 569/569 660/660
f 569/569 503/503 660/660
f 139/139 662/662 663/663
f 155/155 139/139 663/663
f 664/664 665/665 666/666
f 665/665 184/184 666/666
f 184/184 186/186 666/666
f 80/80 155/155 666/666
f 186/186 80/80 666/666
f 667/667 668/668 669/669
f 158/158 83/83 669/669
f 83/83 190/190 669/669
f 189/189 667/667 669/669
f 190/190 189/189 669/669
f 157/157 158/158 670/670
f 158/158 669/669 670/670
f 668/668 671/671 670/670
f 669/669 668/668 670/670
f 672/672 673/673 674/674
f 673/673 191/191 674/674
f 191/191 193/193 674/674
f 132/132 675/675 674/674
f 193/193 132/132 674/674
f 676/676 677/677 678/678
f 674/674 675/675 678/678
f 677/677 672/672 678/678
f 672/672 674/674 678/678
f 167/167 676/676 678/678
f 168/168 167/167 678/678
f 383/383 176/176 679/679
f 176/176 175/175 679/679
f 175/175 680/680 679/679
f 680/680 495/495 679/679
f 495/495 497/497 679/679
f 499/499 383/383 679/679
f 497/497 499/499 679/679
f 109/109 681/681 682/682
f 683/683 684/684 685/685
f 684/684 577/577 685/685
f 577/577 144/144 685/685
f 314/314 683/683 685/685
f 315/315 314/314 685/685
f 686/686 687/687 688/688
f 687/687 444/444 688/688
f 689/689 690/690 691/691
f 161/161 79/79 691/691
f 79/79 210/210 691/691
f 209/209 689/689 691/691
f 210/210 209/209 691/691
f 610/610 160/160 692/692
f 160/160 161/161 692/692
f 286/286 610/610 693/693
f 610/610 692/692 693/693
f 651/651 650/650 694/694
f 695/695 387/387 694/694
f 387/387 651/651 694/694
f 696/696 697/697 698/698
f 229/229 696/696 698/698
f 230/230 229/229 698/698
f 306/306 661/661 699/699
f 700/700 701/701 699/699
f 702/702 703/703 704/704
f 705/705 706/706 704/704
f 705/705 704/704 707/707
f 708/708 705/705 707/707
f 709/709 710/710 707/707
f 711/711 708/708 707/707
f 703/703 709/709 707/707
f 704/704 703/703 707/707
f 712/712 713/713 714/714
f 617/617 620/620 714/714
f 714/714 620/620 715/715
f 620/620 716/716 715/715
f 717/717 718/718 715/715
f 716/716 719/719 715/715
f 718/718 712/712 715/715
f 712/712 714/714 715/715
f 720/720 721/721 722/722
f 721/721 326/326 722/722
f 326/326 328/328 722/722
f 723/723 243/243 724/724
f 243/243 245/245 724/724
f 620/620 619/619 725/725
f 619/619 726/726 725/725
f 726/726 421/421 725/725
f 716/716 620/620 725/725
f 727/727 157/157 728/728
f 157/157 670/670 728/728
f 671/671 729/729 728/728
f 670/670 671/671 728/728
f 730/730 568/568 731/731
f 568/568 563/563 731/731
f 562/562 732/732 731/731
f 563/563 562/562 731/731
f 733/733 734/734 735/735
f 734/734 736/736 735/735
f 580/580 16/16 737/737
f 581/581 616/616 737/737
f 616/616 580/580 737/737
f 738/738 739/739 740/740
f 739/739 330/330 740/740
f 330/330 332/332 740/740
f 118/118 624/624 740/740
f 332/332 118/118 740/740
f 623/623 738/738 740/740
f 624/624 623/623 740/740
f 741/741 742/742 743/743
f 744/744 288/288 745/745
f 290/290 746/746 747/747
f 748/748 743/743 749/749
f 743/743 742/742 749/749
f 742/742 745/745 749/749
f 745/745 288/288 749/749
f 287/287 748/748 749/749
f 288/288 287/287 749/749
f 743/743 748/748 750/750
f 290/290 747/747 750/750
f 748/748 287/287 750/750
f 287/287 290/290 750/750
f 741/741 743/743 750/750
f 747/747 741/741 750/750
f 448/448 425/425 751/751
f 425/425 752/752 751/751
f 449/449 448/448 751/751
f 753/753 754/754 755/755
f 285/285 756/756 757/757
f 758/758 322/322 759/759
f 755/755 760/760 761/761
f 285/285 757/757 761/761
f 760/760 283/283 761/761
f 283/283 285/285 761/761
f 753/753 755/755 761/761
f 757/757 753/753 761/761
f 760/760 755/755 762/762
f 755/755 754/754 762/762
f 754/754 759/759 762/762
f 759/759 322/322 762/762
f 283/283 760/760 762/762
f 322/322 283/283 762/762
f 203/203 202/202 763/763
f 205/205 203/203 763/763
f 206/206 205/205 763/763
f 206/206 763/763 764/764
f 765/765 206/206 764/764
f 724/724 765/765 764/764
f 723/723 724/724 764/764
f 202/202 723/723 764/764
f 763/763 202/202 764/764
f 766/766 767/767 768/768
f 767/767 333/333 768/768
f 333/333 335/335 768/768
f 68/68 152/152 768/768
f 335/335 68/68 768/768
f 628/628 766/766 768/768
f 152/152 628/628 768/768
f 769/769 770/770 771/771
f 574/574 575/575 772/772
f 575/575 773/773 772/772
f 572/572 574/574 772/772
f 770/770 572/572 772/772
f 771/771 770/770 772/772
f 774/774 775/775 776/776
f 771/771 777/777 776/776
f 775/775 769/769 776/776
f 769/769 771/771 776/776
f 777/777 123/123 776/776
f 123/123 338/338 776/776
f 337/337 774/774 776/776
f 338/338 337/337 776/776
f 391/391 393/393 778/778
f 662/662 391/391 778/778
f 663/663 662/662 778/778
f 779/779 780/780 781/781
f 780/780 339/339 781/781
f 339/339 341/341 781/781
f 124/124 782/782 781/781
f 341/341 124/124 781/781
f 701/701 783/783 784/784
f 781/781 782/782 784/784
f 783/783 779/779 784/784
f 779/779 781/781 784/784
f 699/699 701/701 784/784
f 784/784 782/782 785/785
f 782/782 124/124 785/785
f 71/71 306/306 785/785
f 306/306 699/699 785/785
f 699/699 784/784 785/785
f 786/786 787/787 788/788
f 271/271 789/789 790/790
f 791/791 289/289 792/792
f 793/793 788/788 794/794
f 788/788 787/787 794/794
f 787/787 792/792 794/794
f 792/792 289/289 794/794
f 269/269 793/793 794/794
f 289/289 269/269 794/794
f 795/795 796/796 797/797
f 796/796 412/412 797/797
f 412/412 194/194 797/797
f 194/194 107/107 797/797
f 107/107 296/296 797/797
f 295/295 795/795 797/797
f 296/296 295/295 797/797
f 7/7 621/621 798/798
f 799/799 7/7 798/798
f 733/733 799/799 798/798
f 624/624 118/118 798/798
f 621/621 624/624 798/798
f 800/800 427/427 801/801
f 427/427 426/426 801/801
f 426/426 802/802 801/801
f 802/802 803/803 801/801
f 804/804 800/800 801/801
f 801/801 803/803 805/805
f 803/803 644/644 805/805
f 644/644 643/643 805/805
f 804/804 801/801 805/805
f 806/806 807/807 808/808
f 807/807 491/491 808/808
f 491/491 207/207 808/808
f 207/207 115/115 808/808
f 115/115 328/328 808/808
f 327/327 806/806 808/808
f 328/328 327/327 808/808
f 809/809 810/810 811/811
f 641/641 640/640 811/811
f 812/812 813/813 814/814
f 813/813 524/524 814/814
f 524/524 211/211 814/814
f 211/211 117/117 814/814
f 117/117 332/332 814/814
f 331/331 812/812 814/814
f 332/332 331/331 814/814
f 815/815 816/816 817/817
f 816/816 542/542 817/817
f 542/542 216/216 817/817
f 216/216 119/119 817/817
f 119/119 335/335 817/817
f 334/334 815/815 817/817
f 335/335 334/334 817/817
f 818/818 819/819 820/820
f 819/819 336/336 820/820
f 336/336 338/338 820/820
f 122/122 220/220 820/820
f 338/338 122/122 820/820
f 546/546 818/818 820/820
f 220/220 546/546 820/820
f 821/821 822/822 823/823
f 822/822 558/558 823/823
f 558/558 221/221 823/823
f 221/221 125/125 823/823
f 125/125 341/341 823/823
f 340/340 821/821 823/823
f 341/341 340/340 823/823
f 788/788 793/793 824/824
f 793/793 269/269 824/824
f 269/269 271/271 824/824
f 271/271 790/790 824/824
f 790/790 825/825 824/824
f 786/786 788/788 824/824
f 825/825 786/786 824/824
f 9/9 641/641 826/826
f 621/621 9/9 826/826
f 827/827 622/622 826/826
f 622/622 621/621 826/826
f 828/828 829/829 830/830
f 831/831 832/832 830/830
f 833/833 834/834 835/835
f 832/832 831/831 835/835
f 836/836 837/837 838/838
f 839/839 838/838 840/840
f 838/838 837/837 840/840
f 837/837 841/841 840/840
f 650/650 839/839 840/840
f 694/694 650/650 840/840
f 695/695 694/694 840/840
f 841/841 695/695 840/840
f 838/838 839/839 842/842
f 843/843 844/844 842/842
f 839/839 650/650 842/842
f 836/836 838/838 842/842
f 844/844 836/836 842/842
f 845/845 846/846 847/847
f 846/846 469/469 847/847
f 469/469 227/227 847/847
f 227/227 105/105 847/847
f 105/105 360/360 847/847
f 359/359 845/845 847/847
f 360/360 359/359 847/847
f 157/157 727/727 848/848
f 375/375 373/373 849/849
f 727/727 375/375 849/849
f 848/848 727/727 849/849
f 850/850 851/851 852/852
f 851/851 366/366 852/852
f 366/366 368/368 852/852
f 110/110 236/236 852/852
f 368/368 110/110 852/852
f 486/486 850/850 852/852
f 236/236 486/486 852/852
f 853/853 854/854 855/855
f 173/173 76/76 855/855
f 76/76 348/348 855/855
f 347/347 853/853 855/855
f 348/348 347/347 855/855
f 842/842 650/650 856/856
f 650/650 649/649 856/856
f 857/857 858/858 856/856
f 649/649 10/10 856/856
f 858/858 843/843 856/856
f 843/843 842/842 856/856
f 857/857 856/856 859/859
f 590/590 857/857 859/859
f 591/591 590/590 859/859
f 856/856 10/10 859/859
f 860/860 861/861 862/862
f 226/226 100/100 862/862
f 100/100 214/214 862/862
f 215/215 860/860 862/862
f 214/214 215/215 862/862
f 863/863 864/864 865/865
f 225/225 133/133 865/865
f 864/864 866/866 865/865
f 866/866 225/225 865/865
f 133/133 325/325 865/865
f 324/324 863/863 865/865
f 325/325 324/324 865/865
f 681/681 831/831 867/867
f 682/682 681/681 867/867
f 868/868 869/869 867/867
f 870/870 871/871 872/872
f 871/871 222/222 872/872
f 222/222 224/224 872/872
f 224/224 101/101 872/872
f 101/101 226/226 872/872
f 226/226 862/862 872/872
f 861/861 870/870 872/872
f 862/862 861/861 872/872
f 732/732 562/562 873/873
f 363/363 364/364 874/874
f 364/364 732/732 874/874
f 732/732 873/873 874/874
f 831/831 681/681 875/875
f 681/681 109/109 875/875
f 109/109 368/368 875/875
f 367/367 876/876 875/875
f 368/368 367/367 875/875
f 154/154 40/40 877/877
f 878/878 877/877 879/879
f 39/39 880/880 879/879
f 40/40 39/39 879/879
f 877/877 40/40 879/879
f 878/878 879/879 881/881
f 882/882 883/883 884/884
f 885/885 884/884 886/886
f 884/884 883/883 886/886
f 883/883 887/887 886/886
f 832/832 885/885 886/886
f 830/830 832/832 886/886
f 828/828 830/830 886/886
f 887/887 828/828 886/886
f 884/884 885/885 888/888
f 885/885 832/832 888/888
f 832/832 835/835 888/888
f 835/835 834/834 888/888
f 834/834 889/889 888/888
f 882/882 884/884 888/888
f 889/889 882/882 888/888
f 303/303 305/305 890/890
f 305/305 178/178 890/890
f 178/178 579/579 890/890
f 292/292 891/891 892/892
f 293/293 292/292 892/892
f 92/92 293/293 892/892
f 196/196 92/92 892/892
f 579/579 196/196 892/892
f 303/303 890/890 893/893
f 890/890 579/579 893/893
f 579/579 892/892 893/893
f 891/891 303/303 893/893
f 892/892 891/891 893/893
f 894/894 895/895 896/896
f 896/896 895/895 897/897
f 895/895 898/898 897/897
f 899/899 900/900 897/897
f 901/901 902/902 903/903
f 903/903 902/902 904/904
f 726/726 619/619 904/904
f 619/619 618/618 904/904
f 618/618 903/903 904/904
f 418/418 420/420 905/905
f 421/421 726/726 905/905
f 420/420 421/421 905/905
f 903/903 618/618 906/906
f 618/618 617/617 906/906
f 617/617 714/714 906/906
f 714/714 713/713 906/906
f 713/713 907/907 906/906
f 901/901 903/903 906/906
f 907/907 901/901 906/906
f 662/662 139/139 908/908
f 139/139 538/538 908/908
f 391/391 662/662 908/908
f 454/454 909/909 910/910
f 909/909 911/911 910/910
f 11/11 308/308 910/910
f 308/308 389/389 910/910
f 389/389 454/454 910/910
f 1/1 71/71 912/912
f 71/71 785/785 912/912
f 785/785 124/124 912/912
f 1/1 912/912 913/913
f 2/2 1/1 913/913
f 124/124 44/44 913/913
f 912/912 124/124 913/913
f 914/914 915/915 916/916
f 127/127 276/276 916/916
f 482/482 127/127 916/916
f 915/915 480/480 916/916
f 480/480 482/482 916/916
f 599/599 914/914 916/916
f 276/276 599/599 916/916
f 917/917 706/706 918/918
f 706/706 705/705 918/918
f 141/141 919/919 920/920
f 919/919 918/918 920/920
f 918/918 705/705 920/920
f 705/705 708/708 920/920
f 921/921 922/922 923/923
f 921/921 923/923 924/924
f 918/918 919/919 924/924
f 917/917 918/918 924/924
f 923/923 917/917 924/924
f 917/917 923/923 925/925
f 923/923 922/922 925/925
f 922/922 926/926 925/925
f 706/706 917/917 925/925
f 704/704 706/706 925/925
f 702/702 704/704 925/925
f 926/926 702/702 925/925
f 927/927 921/921 928/928
f 921/921 924/924 928/928
f 924/924 919/919 928/928
f 250/250 927/927 928/928
f 251/251 250/250 928/928
f 675/675 132/132 929/929
f 30/30 75/75 929/929
f 84/84 30/30 929/929
f 132/132 84/84 929/929
f 75/75 135/135 929/929
f 930/930 931/931 932/932
f 642/642 645/645 933/933
f 932/932 934/934 935/935
f 642/642 933/933 935/935
f 934/934 640/640 935/935
f 640/640 642/642 935/935
f 930/930 932/932 935/935
f 933/933 930/930 935/935
f 934/934 932/932 936/936
f 932/932 931/931 936/936
f 931/931 937/937 936/936
f 640/640 934/934 936/936
f 811/811 640/640 936/936
f 809/809 811/811 936/936
f 937/937 809/809 936/936
f 427/427 800/800 938/938
f 425/425 427/427 938/938
f 752/752 425/425 938/938
f 939/939 752/752 940/940
f 752/752 938/938 940/940
f 800/800 804/804 940/940
f 938/938 800/800 940/940
f 939/939 940/940 941/941
f 942/942 939/939 941/941
f 804/804 943/943 941/941
f 940/940 804/804 941/941
f 943/943 8/8 944/944
f 941/941 943/943 944/944
f 945/945 946/946 947/947
f 735/735 736/736 947/947
f 946/946 799/799 948/948
f 799/799 733/733 948/948
f 733/733 735/735 948/948
f 735/735 947/947 948/948
f 947/947 946/946 948/948
f 944/944 8/8 949/949
f 950/950 949/949 951/951
f 7/7 799/799 951/951
f 799/799 946/946 951/951
f 946/946 950/950 951/951
f 8/8 7/7 951/951
f 949/949 8/8 951/951
f 949/949 950/950 952/952
f 945/945 953/953 952/952
f 946/946 945/945 952/952
f 950/950 946/946 952/952
f 941/941 944/944 954/954
f 944/944 949/949 954/954
f 949/949 952/952 954/954
f 942/942 941/941 954/954
f 953/953 942/942 954/954
f 952/952 953/953 954/954
f 955/955 956/956 957/957
f 128/128 342/342 957/957
f 408/408 128/128 957/957
f 956/956 406/406 957/957
f 406/406 408/408 957/957
f 958/958 959/959 960/960
f 957/957 342/342 960/960
f 959/959 955/955 960/960
f 955/955 957/957 960/960
f 342/342 145/145 960/960
f 145/145 635/635 960/960
f 634/634 958/958 960/960
f 635/635 634/634 960/960
f 95/95 961/961 962/962
f 258/258 95/95 962/962
f 961/961 370/370 962/962
f 418/418 905/905 963/963
f 904/904 902/902 964/964
f 902/902 963/963 964/964
f 963/963 905/905 964/964
f 726/726 904/904 964/964
f 905/905 726/726 964/964
f 961/961 95/95 965/965
f 95/95 520/520 965/965
f 370/370 961/961 965/965
f 966/966 967/967 968/968
f 147/147 349/349 968/968
f 468/468 966/966 968/968
f 349/349 468/468 968/968
f 551/551 143/143 969/969
f 969/969 143/143 970/970
f 143/143 58/58 970/970
f 58/58 971/971 970/970
f 970/970 971/971 972/972
f 972/972 971/971 973/973
f 15/15 972/972 974/974
f 972/972 973/973 974/974
f 17/17 969/969 975/975
f 969/969 970/970 975/975
f 970/970 972/972 975/975
f 15/15 17/17 975/975
f 972/972 15/15 975/975
f 582/582 974/974 976/976
f 977/977 583/583 976/976
f 583/583 582/582 976/976
f 973/973 978/978 976/976
f 974/974 973/973 976/976
f 979/979 980/980 981/981
f 980/980 487/487 981/981
f 487/487 350/350 981/981
f 350/350 150/150 981/981
f 199/199 646/646 982/982
f 983/983 984/984 982/982
f 646/646 533/533 982/982
f 197/197 199/199 982/982
f 984/984 197/197 982/982
f 978/978 973/973 985/985
f 985/985 986/986 987/987
f 978/978 985/985 988/988
f 985/985 987/987 988/988
f 38/38 98/98 989/989
f 989/989 990/990 991/991
f 990/990 992/992 991/991
f 880/880 39/39 991/991
f 992/992 880/880 991/991
f 39/39 38/38 991/991
f 38/38 989/989 991/991
f 591/591 859/859 993/993
f 595/595 591/591 993/993
f 10/10 5/5 993/993
f 859/859 10/10 993/993
f 682/682 994/994 995/995
f 994/994 114/114 995/995
f 52/52 109/109 995/995
f 109/109 682/682 995/995
f 995/995 114/114 996/996
f 114/114 60/60 996/996
f 12/12 52/52 996/996
f 52/52 995/995 996/996
f 364/364 428/428 997/997
f 428/428 430/430 997/997
f 430/430 730/730 997/997
f 730/730 731/731 997/997
f 732/732 364/364 997/997
f 731/731 732/732 997/997
f 104/104 998/998 999/999
f 360/360 104/104 999/999
f 998/998 356/356 999/999
f 67/67 66/66 1000/1000
f 66/66 1001/1001 1000/1000
f 98/98 141/141 1002/1002
f 141/141 920/920 1002/1002
f 920/920 708/708 1002/1002
f 989/989 98/98 1003/1003
f 98/98 1002/1002 1003/1003
f 708/708 711/711 1003/1003
f 1002/1002 708/708 1003/1003
f 971/971 58/58 1004/1004
f 14/14 986/986 1004/1004
f 58/58 14/14 1004/1004
f 986/986 985/985 1004/1004
f 973/973 971/971 1004/1004
f 985/985 973/973 1004/1004
f 1005/1005 1006/1006 1007/1007
f 413/413 225/225 1007/1007
f 866/866 1005/1005 1007/1007
f 225/225 866/866 1007/1007
f 1008/1008 1009/1009 1010/1010
f 165/165 413/413 1010/1010
f 1009/1009 588/588 1010/1010
f 588/588 165/165 1010/1010
f 413/413 1007/1007 1010/1010
f 1006/1006 1008/1008 1010/1010
f 1007/1007 1006/1006 1010/1010
f 177/177 156/156 1011/1011
f 382/382 177/177 1011/1011
f 156/156 527/527 1011/1011
f 527/527 528/528 1011/1011
f 528/528 174/174 1011/1011
f 174/174 382/382 1011/1011
f 998/998 104/104 1012/1012
f 104/104 561/561 1012/1012
f 356/356 998/998 1012/1012
f 880/880 1013/1013 1014/1014
f 879/879 880/880 1014/1014
f 881/881 879/879 1014/1014
f 1014/1014 1013/1013 1015/1015
f 1016/1016 881/881 1015/1015
f 881/881 1014/1014 1015/1015
f 1017/1017 237/237 1018/1018
f 237/237 239/239 1018/1018
f 239/239 126/126 1018/1018
f 126/126 443/443 1018/1018
f 442/442 1017/1017 1018/1018
f 443/443 442/442 1018/1018
f 238/238 240/240 1019/1019
f 240/240 242/242 1019/1019
f 239/239 238/238 1019/1019
f 242/242 239/239 1019/1019
f 833/833 835/835 1020/1020
f 835/835 831/831 1020/1020
f 831/831 875/875 1020/1020
f 876/876 833/833 1020/1020
f 875/875 876/876 1020/1020
f 455/455 375/375 1021/1021
f 375/375 727/727 1021/1021
f 727/727 728/728 1021/1021
f 456/456 455/455 1021/1021
f 729/729 456/456 1021/1021
f 728/728 729/729 1021/1021
f 830/830 829/829 1022/1022
f 829/829 868/868 1022/1022
f 868/868 867/867 1022/1022
f 831/831 830/830 1022/1022
f 867/867 831/831 1022/1022
f 5/5 4/4 1023/1023
f 993/993 5/5 1023/1023
f 102/102 595/595 1023/1023
f 595/595 993/993 1023/1023
f 1023/1023 4/4 1024/1024
f 102/102 1023/1023 1024/1024
f 1024/1024 1025/1025 1026/1026
f 62/62 102/102 1026/1026
f 102/102 1024/1024 1026/1026
f 62/62 1026/1026 1027/1027
f 32/32 62/62 1027/1027
f 60/60 32/32 1027/1027
f 12/12 996/996 1028/1028
f 996/996 60/60 1028/1028
f 60/60 1027/1027 1028/1028
f 13/13 12/12 1028/1028
f 244/244 246/246 1029/1029
f 246/246 248/248 1029/1029
f 245/245 244/244 1029/1029
f 248/248 245/245 1029/1029
f 247/247 1030/1030 1031/1031
f 248/248 247/247 1031/1031
f 130/130 248/248 1031/1031
f 527/527 130/130 1031/1031
f 1030/1030 525/525 1031/1031
f 525/525 527/527 1031/1031
f 89/89 88/88 1032/1032
f 911/911 89/89 1032/1032
f 1032/1032 88/88 1033/1033
f 88/88 894/894 1033/1033
f 894/894 896/896 1033/1033
f 1033/1033 896/896 1034/1034
f 896/896 897/897 1034/1034
f 4/4 6/6 1034/1034
f 6/6 1032/1032 1034/1034
f 1032/1032 1033/1033 1034/1034
f 4/4 1034/1034 1035/1035
f 1025/1025 1024/1024 1035/1035
f 1024/1024 4/4 1035/1035
f 897/897 900/900 1035/1035
f 1034/1034 897/897 1035/1035
f 1036/1036 1037/1037 1038/1038
f 1037/1037 464/464 1038/1038
f 464/464 274/274 1038/1038
f 273/273 400/400 1038/1038
f 274/274 273/273 1038/1038
f 678/678 675/675 1039/1039
f 675/675 929/929 1039/1039
f 929/929 135/135 1039/1039
f 135/135 168/168 1039/1039
f 168/168 678/678 1039/1039
f 733/733 798/798 1040/1040
f 798/798 118/118 1040/1040
f 118/118 37/37 1040/1040
f 1040/1040 37/37 1041/1041
f 37/37 36/36 1041/1041
f 36/36 1042/1042 1041/1041
f 734/734 733/733 1041/1041
f 733/733 1040/1040 1041/1041
f 24/24 1043/1043 1044/1044
f 1045/1045 1046/1046 1047/1047
f 657/657 164/164 1047/1047
f 1046/1046 655/655 1047/1047
f 655/655 657/657 1047/1047
f 163/163 1045/1045 1047/1047
f 164/164 163/163 1047/1047
f 253/253 1048/1048 1049/1049
f 254/254 253/253 1049/1049
f 146/146 254/254 1049/1049
f 688/688 146/146 1049/1049
f 1048/1048 686/686 1049/1049
f 686/686 688/688 1049/1049
f 719/719 716/716 1050/1050
f 154/154 877/877 1050/1050
f 1051/1051 719/719 1052/1052
f 719/719 1050/1050 1052/1052
f 1050/1050 877/877 1052/1052
f 877/877 878/878 1052/1052
f 94/94 143/143 1053/1053
f 143/143 551/551 1053/1053
f 302/302 94/94 1053/1053
f 551/551 405/405 1053/1053
f 275/275 233/233 1054/1054
f 272/272 275/275 1054/1054
f 635/635 272/272 1054/1054
f 1055/1055 633/633 1054/1054
f 633/633 635/635 1054/1054
f 232/232 1055/1055 1054/1054
f 233/233 232/232 1054/1054
f 1056/1056 255/255 1057/1057
f 255/255 257/257 1057/1057
f 257/257 258/258 1057/1057
f 178/178 26/26 1058/1058
f 26/26 16/16 1058/1058
f 16/16 580/580 1058/1058
f 579/579 178/178 1058/1058
f 580/580 579/579 1058/1058
f 811/811 810/810 1059/1059
f 810/810 827/827 1059/1059
f 827/827 826/826 1059/1059
f 641/641 811/811 1059/1059
f 826/826 641/641 1059/1059
f 268/268 267/267 1060/1060
f 271/271 270/270 1061/1061
f 270/270 1062/1062 1061/1061
f 263/263 266/266 1063/1063
f 266/266 268/268 1063/1063
f 264/264 263/263 1063/1063
f 268/268 264/264 1063/1063
f 1064/1064 162/162 1065/1065
f 162/162 164/164 1065/1065
f 164/164 658/658 1065/1065
f 658/658 195/195 1065/1065
f 195/195 411/411 1065/1065
f 410/410 1064/1064 1065/1065
f 411/411 410/410 1065/1065
f 1013/1013 880/880 1066/1066
f 880/880 992/992 1066/1066
f 1066/1066 1067/1067 1068/1068
f 1044/1044 1069/1069 1070/1070
f 1071/1071 1070/1070 1072/1072
f 1070/1070 1069/1069 1073/1073
f 1072/1072 1070/1070 1073/1073
f 1074/1074 1075/1075 1076/1076
f 282/282 151/151 1076/1076
f 1075/1075 280/280 1076/1076
f 280/280 282/282 1076/1076
f 151/151 615/615 1076/1076
f 614/614 1074/1074 1076/1076
f 615/615 614/614 1076/1076
f 503/503 501/501 1077/1077
f 501/501 504/504 1077/1077
f 504/504 700/700 1077/1077
f 700/700 699/699 1077/1077
f 661/661 503/503 1077/1077
f 699/699 661/661 1077/1077
f 401/401 1036/1036 1078/1078
f 399/399 401/401 1078/1078
f 1036/1036 1038/1038 1078/1078
f 400/400 399/399 1078/1078
f 1038/1038 400/400 1078/1078
f 869/869 1079/1079 1080/1080
f 994/994 682/682 1080/1080
f 722/722 994/994 1080/1080
f 1079/1079 720/720 1080/1080
f 720/720 722/722 1080/1080
f 682/682 867/867 1080/1080
f 867/867 869/869 1080/1080
f 1071/1071 1072/1072 1081/1081
f 1072/1072 1082/1082 1081/1081
f 990/990 989/989 1083/1083
f 989/989 1003/1003 1083/1083
f 1003/1003 711/711 1083/1083
f 711/711 1084/1084 1083/1083
f 990/990 1083/1083 1085/1085
f 1083/1083 1084/1084 1085/1085
f 992/992 990/990 1085/1085
f 1085/1085 1084/1084 1086/1086
f 3/3 2/2 1086/1086
f 1086/1086 2/2 1087/1087
f 1067/1067 1066/1066 1087/1087
f 1066/1066 992/992 1087/1087
f 992/992 1085/1085 1087/1087
f 1085/1085 1086/1086 1087/1087
f 734/734 1041/1041 1088/1088
f 1041/1041 1042/1042 1088/1088
f 1088/1088 1042/1042 1089/1089
f 734/734 1088/1088 1090/1090
f 281/281 277/277 1091/1091
f 282/282 281/281 1091/1091
f 277/277 279/279 1091/1091
f 279/279 282/282 1091/1091
f 1092/1092 291/291 1093/1093
f 291/291 293/293 1093/1093
f 293/293 147/147 1093/1093
f 147/147 968/968 1093/1093
f 967/967 1092/1092 1093/1093
f 968/968 967/967 1093/1093
f 415/415 1094/1094 1095/1095
f 416/416 415/415 1095/1095
f 168/168 416/416 1095/1095
f 1094/1094 166/166 1095/1095
f 166/166 168/168 1095/1095
f 1096/1096 294/294 1097/1097
f 294/294 296/296 1097/1097
f 296/296 159/159 1097/1097
f 567/567 1096/1096 1097/1097
f 159/159 567/567 1097/1097
f 805/805 643/643 1098/1098
f 9/9 8/8 1098/1098
f 8/8 943/943 1098/1098
f 641/641 9/9 1098/1098
f 643/643 641/641 1098/1098
f 943/943 804/804 1098/1098
f 804/804 805/805 1098/1098
f 1099/1099 300/300 1100/1100
f 300/300 302/302 1100/1100
f 302/302 1053/1053 1100/1100
f 405/405 1099/1099 1100/1100
f 1053/1053 405/405 1100/1100
f 301/301 1101/1101 1102/1102
f 302/302 301/301 1102/1102
f 150/150 302/302 1102/1102
f 981/981 150/150 1102/1102
f 1101/1101 979/979 1102/1102
f 979/979 981/981 1102/1102
f 304/304 1103/1103 1104/1104
f 305/305 304/304 1104/1104
f 179/179 305/305 1104/1104
f 1103/1103 354/354 1104/1104
f 354/354 179/179 1104/1104
f 550/550 547/547 1105/1105
f 1106/1106 1107/1107 1105/1105
f 17/17 54/54 1108/1108
f 54/54 183/183 1108/1108
f 969/969 17/17 1108/1108
f 183/183 551/551 1108/1108
f 551/551 969/969 1108/1108
f 1109/1109 316/316 1110/1110
f 316/316 318/318 1110/1110
f 318/318 173/173 1110/1110
f 173/173 855/855 1110/1110
f 854/854 1109/1109 1110/1110
f 855/855 854/854 1110/1110
f 311/311 313/313 1111/1111
f 313/313 315/315 1111/1111
f 312/312 311/311 1111/1111
f 113/113 312/312 1111/1111
f 315/315 113/113 1111/1111
f 1112/1112 310/310 1113/1113
f 310/310 312/312 1113/1113
f 312/312 172/172 1113/1113
f 609/609 1112/1112 1113/1113
f 172/172 609/609 1113/1113
f 752/752 939/939 1114/1114
f 751/751 752/752 1114/1114
f 939/939 942/942 1114/1114
f 1114/1114 942/942 1115/1115
f 942/942 953/953 1115/1115
f 953/953 450/450 1115/1115
f 450/450 449/449 1115/1115
f 449/449 751/751 1115/1115
f 751/751 1114/1114 1115/1115
f 1116/1116 789/789 1117/1117
f 789/789 271/271 1117/1117
f 271/271 1061/1061 1117/1117
f 1116/1116 1117/1117 1118/1118
f 267/267 1116/1116 1118/1118
f 1060/1060 267/267 1118/1118
f 1061/1061 1060/1060 1118/1118
f 1117/1117 1061/1061 1118/1118
f 550/550 1105/1105 1119/1119
f 1107/1107 1062/1062 1119/1119
f 1105/1105 1107/1107 1119/1119
f 1062/1062 270/270 1119/1119
f 603/603 136/136 1120/1120
f 136/136 494/494 1120/1120
f 284/284 603/603 1120/1120
f 1121/1121 756/756 1122/1122
f 756/756 285/285 1122/1122
f 285/285 284/284 1122/1122
f 284/284 1120/1120 1122/1122
f 744/744 1123/1123 1124/1124
f 288/288 744/744 1124/1124
f 286/286 288/288 1124/1124
f 612/612 286/286 1124/1124
f 1123/1123 1125/1125 1126/1126
f 1124/1124 1123/1123 1126/1126
f 611/611 612/612 1126/1126
f 612/612 1124/1124 1126/1126
f 611/611 1126/1126 1127/1127
f 200/200 611/611 1127/1127
f 615/615 200/200 1127/1127
f 613/613 615/615 1127/1127
f 1125/1125 613/613 1127/1127
f 1126/1126 1125/1125 1127/1127
f 13/13 1028/1028 1128/1128
f 1028/1028 1027/1027 1128/1128
f 1026/1026 1025/1025 1128/1128
f 1027/1027 1026/1026 1128/1128
f 791/791 1129/1129 1130/1130
f 289/289 791/791 1130/1130
f 270/270 289/289 1130/1130
f 1119/1119 270/270 1130/1130
f 144/144 112/112 1131/1131
f 685/685 144/144 1131/1131
f 315/315 685/685 1131/1131
f 112/112 113/113 1131/1131
f 113/113 315/315 1131/1131
f 87/87 146/146 1132/1132
f 146/146 688/688 1132/1132
f 444/444 446/446 1132/1132
f 688/688 444/444 1132/1132
f 1133/1133 746/746 1134/1134
f 746/746 290/290 1134/1134
f 290/290 286/286 1134/1134
f 286/286 693/693 1134/1134
f 1135/1135 1133/1133 1136/1136
f 1133/1133 1134/1134 1136/1136
f 693/693 692/692 1136/1136
f 1134/1134 693/693 1136/1136
f 1136/1136 692/692 1137/1137
f 161/161 691/691 1137/1137
f 692/692 161/161 1137/1137
f 691/691 690/690 1137/1137
f 690/690 1135/1135 1137/1137
f 1135/1135 1136/1136 1137/1137
f 637/637 638/638 1138/1138
f 1139/1139 1068/1068 1138/1138
f 581/581 737/737 1140/1140
f 582/582 581/581 1140/1140
f 15/15 974/974 1140/1140
f 974/974 582/582 1140/1140
f 16/16 15/15 1140/1140
f 737/737 16/16 1140/1140
f 758/758 1141/1141 1142/1142
f 322/322 758/758 1142/1142
f 284/284 322/322 1142/1142
f 605/605 284/284 1142/1142
f 1141/1141 1143/1143 1144/1144
f 1142/1142 1141/1141 1144/1144
f 604/604 605/605 1144/1144
f 605/605 1142/1142 1144/1144
f 604/604 1144/1144 1145/1145
f 187/187 604/604 1145/1145
f 608/608 187/187 1145/1145
f 606/606 608/608 1145/1145
f 1143/1143 606/606 1145/1145
f 1144/1144 1143/1143 1145/1145
f 114/114 994/994 1146/1146
f 994/994 722/722 1146/1146
f 722/722 328/328 1146/1146
f 115/115 114/114 1146/1146
f 328/328 115/115 1146/1146
f 977/977 976/976 1147/1147
f 976/976 978/978 1147/1147
f 977/977 1147/1147 1148/1148
f 421/421 154/154 1149/1149
f 725/725 421/421 1149/1149
f 154/154 1050/1050 1149/1149
f 716/716 725/725 1149/1149
f 1050/1050 716/716 1149/1149
f 81/81 157/157 1150/1150
f 719/719 1051/1051 1150/1150
f 715/715 719/719 1150/1150
f 562/562 63/63 1151/1151
f 1084/1084 711/711 1151/1151
f 711/711 707/707 1151/1151
f 1084/1084 1151/1151 1152/1152
f 1151/1151 63/63 1152/1152
f 63/63 3/3 1152/1152
f 3/3 1086/1086 1152/1152
f 1086/1086 1084/1084 1152/1152
f 1081/1081 1153/1153 1154/1154
f 11/11 910/910 1155/1155
f 910/910 911/911 1155/1155
f 911/911 1032/1032 1155/1155
f 6/6 11/11 1155/1155
f 1032/1032 6/6 1155/1155
f 82/82 1156/1156 1157/1157
f 1156/1156 1158/1158 1157/1157
f 1158/1158 27/27 1157/1157
f 27/27 30/30 1157/1157
f 30/30 84/84 1157/1157
f 84/84 82/82 1157/1157
f 765/765 1159/1159 1160/1160
f 773/773 575/575 1160/1160
f 24/24 1044/1044 1161/1161
f 1044/1044 1162/1162 1161/1161
f 1160/1160 1159/1159 1163/1163
f 24/24 1161/1161 1163/1163
f 25/25 24/24 1163/1163
f 1159/1159 25/25 1163/1163
f 773/773 1160/1160 1163/1163
f 206/206 765/765 1164/1164
f 765/765 1160/1160 1164/1164
f 204/204 206/206 1164/1164
f 575/575 204/204 1164/1164
f 1160/1160 575/575 1164/1164
f 1163/1163 1161/1161 1165/1165
f 1166/1166 773/773 1165/1165
f 773/773 1163/1163 1165/1165
f 1166/1166 1165/1165 1167/1167
f 1168/1168 1166/1166 1167/1167
f 1161/1161 1162/1162 1167/1167
f 1165/1165 1161/1161 1167/1167
f 1119/1119 1130/1130 1169/1169
f 1130/1130 1129/1129 1169/1169
f 1129/1129 548/548 1169/1169
f 548/548 550/550 1169/1169
f 550/550 1119/1119 1169/1169
f 81/81 1150/1150 1170/1170
f 1150/1150 1051/1051 1170/1170
f 82/82 81/81 1170/1170
f 1170/1170 1051/1051 1171/1171
f 1156/1156 82/82 1171/1171
f 82/82 1170/1170 1171/1171
f 1156/1156 1171/1171 1172/1172
f 878/878 881/881 1172/1172
f 1156/1156 1172/1172 1173/1173
f 1172/1172 881/881 1173/1173
f 881/881 1016/1016 1173/1173
f 1158/1158 1156/1156 1173/1173
f 1173/1173 1016/1016 1174/1174
f 547/547 121/121 1175/1175
f 1105/1105 547/547 1175/1175
f 1106/1106 1105/1105 1175/1175
f 121/121 120/120 1176/1176
f 1175/1175 121/121 1176/1176
f 1177/1177 1106/1106 1176/1176
f 1106/1106 1175/1175 1176/1176
f 1178/1178 1177/1177 1179/1179
f 1176/1176 120/120 1180/1180
f 1177/1177 1176/1176 1180/1180
f 1179/1179 1177/1177 1180/1180
f 1179/1179 1181/1181 1182/1182
f 1181/1181 1154/1154 1182/1182
f 1154/1154 1183/1183 1182/1182
f 1178/1178 1179/1179 1182/1182
f 1121/1121 1122/1122 1184/1184
f 1122/1122 1120/1120 1184/1184
f 493/493 1121/1121 1184/1184
f 494/494 493/493 1184/1184
f 1120/1120 494/494 1184/1184
f 1185/1185 511/511 1186/1186
f 511/511 357/357 1186/1186
f 357/357 356/356 1186/1186
f 356/356 1012/1012 1186/1186
f 1185/1185 1186/1186 1187/1187
f 1186/1186 1012/1012 1187/1187
f 560/560 1185/1185 1187/1187
f 561/561 560/560 1187/1187
f 1012/1012 561/561 1187/1187
f 1073/1073 1188/1188 1189/1189
f 1082/1082 1072/1072 1189/1189
f 1072/1072 1073/1073 1189/1189
f 1082/1082 1189/1189 1190/1190
f 1189/1189 1188/1188 1191/1191
f 1190/1190 1189/1189 1191/1191
f 1192/1192 1190/1190 1191/1191
f 1191/1191 1188/1188 1193/1193
f 513/513 1194/1194 1195/1195
f 361/361 513/513 1195/1195
f 356/356 361/361 1195/1195
f 999/999 356/356 1195/1195
f 999/999 1195/1195 1196/1196
f 1195/1195 1194/1194 1196/1196
f 1194/1194 358/358 1196/1196
f 358/358 360/360 1196/1196
f 360/360 999/999 1196/1196
f 1016/1016 1015/1015 1197/1197
f 1015/1015 1013/1013 1198/1198
f 773/773 1166/1166 1199/1199
f 772/772 773/773 1199/1199
f 123/123 777/777 1199/1199
f 777/777 771/771 1199/1199
f 771/771 772/772 1199/1199
f 123/123 1199/1199 1200/1200
f 1199/1199 1166/1166 1200/1200
f 1166/1166 1168/1168 1200/1200
f 1168/1168 120/120 1200/1200
f 120/120 123/123 1200/1200
f 1201/1201 473/473 1202/1202
f 473/473 371/371 1202/1202
f 371/371 370/370 1202/1202
f 370/370 965/965 1202/1202
f 1201/1201 1202/1202 1203/1203
f 1202/1202 965/965 1203/1203
f 519/519 1201/1201 1203/1203
f 520/520 519/519 1203/1203
f 965/965 520/520 1203/1203
f 475/475 1204/1204 1205/1205
f 376/376 475/475 1205/1205
f 370/370 376/376 1205/1205
f 962/962 370/370 1205/1205
f 962/962 1205/1205 1206/1206
f 1205/1205 1204/1204 1206/1206
f 1204/1204 1207/1207 1206/1206
f 1206/1206 1207/1207 1208/1208
f 1207/1207 1056/1056 1208/1208
f 1056/1056 1057/1057 1208/1208
f 1057/1057 258/258 1208/1208
f 258/258 962/962 1208/1208
f 962/962 1206/1206 1208/1208
f 1159/1159 765/765 1209/1209
f 765/765 724/724 1209/1209
f 25/25 1159/1159 1209/1209
f 86/86 25/25 1209/1209
f 245/245 86/86 1209/1209
f 724/724 245/245 1209/1209
f 1089/1089 1042/1042 1210/1210
f 434/434 1211/1211 1212/1212
f 393/393 434/434 1212/1212
f 778/778 393/393 1212/1212
f 1212/1212 1211/1211 1213/1213
f 1211/1211 1214/1214 1213/1213
f 663/663 778/778 1213/1213
f 778/778 1212/1212 1213/1213
f 663/663 1213/1213 1215/1215
f 155/155 663/663 1215/1215
f 666/666 155/155 1215/1215
f 664/664 666/666 1215/1215
f 1214/1214 664/664 1215/1215
f 1213/1213 1214/1214 1215/1215
f 1216/1216 365/365 1217/1217
f 365/365 363/363 1217/1217
f 363/363 874/874 1217/1217
f 1218/1218 1216/1216 1219/1219
f 1216/1216 1217/1217 1219/1219
f 874/874 873/873 1219/1219
f 1217/1217 874/874 1219/1219
f 1182/1182 1183/1183 1220/1220
f 1178/1178 1182/1182 1220/1220
f 1210/1210 1178/1178 1220/1220
f 374/374 1221/1221 1222/1222
f 373/373 374/374 1222/1222
f 849/849 373/373 1222/1222
f 1221/1221 1223/1223 1224/1224
f 1222/1222 1221/1221 1224/1224
f 848/848 849/849 1224/1224
f 849/849 1222/1222 1224/1224
f 1225/1225 436/436 1226/1226
f 436/436 397/397 1226/1226
f 397/397 391/391 1226/1226
f 391/391 908/908 1226/1226
f 1225/1225 1226/1226 1227/1227
f 1226/1226 908/908 1227/1227
f 537/537 1225/1225 1227/1227
f 538/538 537/537 1227/1227
f 908/908 538/538 1227/1227
f 87/87 1132/1132 1228/1228
f 1132/1132 446/446 1228/1228
f 446/446 450/450 1228/1228
f 87/87 1228/1228 1229/1229
f 894/894 88/88 1229/1229
f 88/88 87/87 1229/1229
f 1228/1228 450/450 1229/1229
f 894/894 1229/1229 1230/1230
f 1229/1229 450/450 1230/1230
f 953/953 945/945 1230/1230
f 450/450 953/953 1230/1230
f 945/945 947/947 1231/1231
f 1230/1230 945/945 1231/1231
f 1231/1231 947/947 1232/1232
f 947/947 736/736 1232/1232
f 898/898 895/895 1232/1232
f 895/895 1231/1231 1232/1232
f 898/898 1232/1232 1233/1233
f 1232/1232 736/736 1233/1233
f 1234/1234 898/898 1233/1233
f 894/894 1230/1230 1235/1235
f 1230/1230 1231/1231 1235/1235
f 895/895 894/894 1235/1235
f 1231/1231 895/895 1235/1235
f 1233/1233 736/736 1236/1236
f 1237/1237 1236/1236 1238/1238
f 638/638 639/639 1239/1239
f 279/279 594/594 1240/1240
f 594/594 595/595 1240/1240
f 595/595 102/102 1240/1240
f 102/102 103/103 1240/1240
f 103/103 279/279 1240/1240
f 1051/1051 1052/1052 1241/1241
f 1052/1052 878/878 1241/1241
f 878/878 1172/1172 1241/1241
f 1171/1171 1051/1051 1241/1241
f 1172/1172 1171/1171 1241/1241
f 1193/1193 1242/1242 1243/1243
f 1192/1192 1191/1191 1243/1243
f 1191/1191 1193/1193 1243/1243
f 1243/1243 1242/1242 1244/1244
f 1197/1197 1245/1245 1246/1246
f 1234/1234 1233/1233 1247/1247
f 1233/1233 1236/1236 1247/1247
f 1236/1236 1237/1237 1247/1247
f 1247/1247 1237/1237 1248/1248
f 978/978 988/988 1249/1249
f 1147/1147 978/978 1249/1249
f 988/988 1250/1250 1251/1251
f 1249/1249 988/988 1251/1251
f 1218/1218 1219/1219 1252/1252
f 1219/1219 873/873 1252/1252
f 710/710 1218/1218 1252/1252
f 1252/1252 873/873 1253/1253
f 873/873 562/562 1253/1253
f 562/562 1151/1151 1253/1253
f 1151/1151 707/707 1253/1253
f 707/707 710/710 1253/1253
f 710/710 1252/1252 1253/1253
f 848/848 1224/1224 1254/1254
f 1224/1224 1223/1223 1254/1254
f 1223/1223 717/717 1254/1254
f 848/848 1254/1254 1255/1255
f 157/157 848/848 1255/1255
f 1150/1150 157/157 1255/1255
f 715/715 1150/1150 1255/1255
f 717/717 715/715 1255/1255
f 1254/1254 717/717 1255/1255
f 1242/1242 1193/1193 1256/1256
f 987/987 1257/1257 1258/1258
f 1250/1250 988/988 1258/1258
f 988/988 987/987 1258/1258
f 1250/1250 1258/1258 1259/1259
f 1259/1259 1260/1260 1261/1261
f 1236/1236 736/736 1262/1262
f 736/736 734/734 1262/1262
f 734/734 1090/1090 1262/1262
f 1238/1238 1236/1236 1262/1262
f 639/639 583/583 1263/1263
f 583/583 977/977 1263/1263
f 1025/1025 1035/1035 1264/1264
f 1035/1035 900/900 1264/1264
f 13/13 1128/1128 1264/1264
f 1128/1128 1025/1025 1264/1264
f 899/899 13/13 1264/1264
f 900/900 899/899 1264/1264
f 2/2 913/913 1265/1265
f 913/913 44/44 1265/1265
f 44/44 43/43 1265/1265
f 1087/1087 2/2 1265/1265
f 43/43 1067/1067 1265/1265
f 1067/1067 1087/1087 1265/1265
f 1234/1234 1247/1247 1266/1266
f 1247/1247 1248/1248 1266/1266
f 1248/1248 1267/1267 1266/1266
f 909/909 454/454 1268/1268
f 454/454 385/385 1268/1268
f 385/385 252/252 1268/1268
f 252/252 254/254 1268/1268
f 909/909 1268/1268 1269/1269
f 1268/1268 254/254 1269/1269
f 911/911 909/909 1269/1269
f 89/89 911/911 1269/1269
f 254/254 89/89 1269/1269
f 1089/1089 1210/1210 1270/1270
f 1210/1210 1220/1220 1270/1270
f 177/177 382/382 1271/1271
f 382/382 383/383 1271/1271
f 383/383 499/499 1271/1271
f 85/85 177/177 1272/1272
f 177/177 1271/1271 1272/1272
f 626/626 67/67 1273/1273
f 67/67 1000/1000 1273/1273
f 85/85 1272/1272 1274/1274
f 1274/1274 1273/1273 1275/1275
f 1273/1273 1000/1000 1275/1275
f 23/23 85/85 1275/1275
f 85/85 1274/1274 1275/1275
f 23/23 1275/1275 1276/1276
f 1043/1043 24/24 1276/1276
f 24/24 23/23 1276/1276
f 1275/1275 1000/1000 1276/1276
f 1043/1043 1276/1276 1277/1277
f 1000/1000 1001/1001 1277/1277
f 1276/1276 1000/1000 1277/1277
f 1277/1277 1001/1001 1278/1278
f 1043/1043 1277/1277 1279/1279
f 1069/1069 1044/1044 1279/1279
f 1044/1044 1043/1043 1279/1279
f 1277/1277 1278/1278 1279/1279
f 1271/1271 499/499 1280/1280
f 1272/1272 1271/1271 1280/1280
f 499/499 498/498 1280/1280
f 1280/1280 498/498 1281/1281
f 498/498 626/626 1281/1281
f 626/626 1273/1273 1281/1281
f 1273/1273 1274/1274 1281/1281
f 1274/1274 1272/1272 1281/1281
f 1272/1272 1280/1280 1281/1281
f 1278/1278 1282/1282 1283/1283
f 1193/1193 1188/1188 1283/1283
f 1069/1069 1279/1279 1284/1284
f 1279/1279 1278/1278 1284/1284
f 1278/1278 1283/1283 1284/1284
f 1073/1073 1069/1069 1284/1284
f 1188/1188 1073/1073 1284/1284
f 1283/1283 1188/1188 1284/1284
f 1283/1283 1282/1282 1285/1285
f 1256/1256 1193/1193 1285/1285
f 1193/1193 1283/1283 1285/1285
f 1190/1190 1192/1192 1286/1286
f 1060/1060 1061/1061 1287/1287
f 1061/1061 1062/1062 1287/1287
f 1062/1062 1107/1107 1287/1287
f 268/268 1060/1060 1287/1287
f 1287/1287 1107/1107 1288/1288
f 1107/1107 1106/1106 1288/1288
f 265/265 268/268 1288/1288
f 268/268 1287/1287 1288/1288
f 265/265 1288/1288 1289/1289
f 1288/1288 1106/1106 1289/1289
f 91/91 265/265 1289/1289
f 1106/1106 1177/1177 1289/1289
f 1177/1177 18/18 1289/1289
f 18/18 91/91 1289/1289
f 230/230 698/698 1290/1290
f 698/698 532/532 1290/1290
f 658/658 230/230 1290/1290
f 195/195 658/658 1290/1290
f 532/532 534/534 1290/1290
f 534/534 195/195 1290/1290
f 919/919 141/141 1291/1291
f 928/928 919/919 1291/1291
f 141/141 97/97 1291/1291
f 97/97 251/251 1291/1291
f 251/251 928/928 1291/1291
f 1244/1244 1242/1242 1292/1292
f 1153/1153 1081/1081 1293/1293
f 1081/1081 1082/1082 1293/1293
f 1153/1153 1293/1293 1294/1294
f 1294/1294 1295/1295 1296/1296
f 224/224 396/396 1297/1297
f 396/396 149/149 1297/1297
f 101/101 224/224 1297/1297
f 149/149 46/46 1297/1297
f 46/46 20/20 1297/1297
f 20/20 101/101 1297/1297
f 1168/1168 1167/1167 1298/1298
f 1167/1167 1162/1162 1298/1298
f 1298/1298 1162/1162 1299/1299
f 1070/1070 1071/1071 1299/1299
f 1162/1162 1044/1044 1299/1299
f 1044/1044 1070/1070 1299/1299
f 1299/1299 1071/1071 1300/1300
f 1154/1154 1181/1181 1300/1300
f 1071/1071 1081/1081 1300/1300
f 1081/1081 1154/1154 1300/1300
f 1298/1298 1299/1299 1300/1300
f 1168/1168 1298/1298 1301/1301
f 1298/1298 1300/1300 1301/1301
f 1300/1300 1181/1181 1301/1301
f 1181/1181 1179/1179 1302/1302
f 1301/1301 1181/1181 1302/1302
f 1179/1179 1180/1180 1302/1302
f 1168/1168 1301/1301 1302/1302
f 120/120 1168/1168 1302/1302
f 1180/1180 120/120 1302/1302
f 1153/1153 1294/1294 1303/1303
f 1294/1294 1296/1296 1303/1303
f 1296/1296 1304/1304 1303/1303
f 1303/1303 1304/1304 1305/1305
f 1260/1260 1306/1306 1307/1307
f 1250/1250 1259/1259 1308/1308
f 1309/1309 1310/1310 1311/1311
f 1312/1312 1313/1313 1314/1314
f 983/983 982/982 1315/1315
f 982/982 533/533 1315/1315
f 533/533 532/532 1315/1315
f 532/532 698/698 1315/1315
f 697/697 983/983 1315/1315
f 698/698 697/697 1315/1315
f 1316/1316 1317/1317 1318/1318
f 1319/1319 1318/1318 1320/1320
f 1013/1013 1066/1066 1321/1321
f 1066/1066 1068/1068 1321/1321
f 1198/1198 1013/1013 1321/1321
f 1321/1321 1068/1068 1322/1322
f 1323/1323 1198/1198 1322/1322
f 1198/1198 1321/1321 1322/1322
f 1244/1244 1292/1292 1324/1324
f 1148/1148 1147/1147 1325/1325
f 1147/1147 1249/1249 1325/1325
f 1326/1326 1148/1148 1325/1325
f 1249/1249 1251/1251 1325/1325
f 1251/1251 1326/1326 1325/1325
f 977/977 1148/1148 1327/1327
f 1263/1263 977/977 1327/1327
f 1148/1148 1310/1310 1327/1327
f 1174/1174 1328/1328 1329/1329
f 1158/1158 1173/1173 1329/1329
f 1173/1173 1174/1174 1329/1329
f 1263/1263 1327/1327 1330/1330
f 1331/1331 1330/1330 1332/1332
f 1327/1327 1310/1310 1332/1332
f 1330/1330 1327/1327 1332/1332
f 1305/1305 1304/1304 1333/1333
f 1333/1333 1304/1304 1334/1334
f 1335/1335 1333/1333 1336/1336
f 1333/1333 1334/1334 1336/1336
f 1334/1334 1337/1337 1336/1336
f 1336/1336 1337/1337 1338/1338
f 1338/1338 1337/1337 1339/1339
f 1340/1340 1338/1338 1341/1341
f 1342/1342 1341/1341 1343/1343
f 1341/1341 1342/1342 1344/1344
f 1344/1344 1342/1342 1345/1345
f 1345/1345 1342/1342 1346/1346
f 1347/1347 1346/1346 1348/1348
f 1347/1347 1348/1348 1349/1349
f 1346/1346 1347/1347 1350/1350
f 1351/1351 1345/1345 1350/1350
f 1345/1345 1346/1346 1350/1350
f 1350/1350 1347/1347 1352/1352
f 1344/1344 1353/1353 1354/1354
f 1353/1353 1089/1089 1354/1354
f 1089/1089 1270/1270 1354/1354
f 1270/1270 1340/1340 1354/1354
f 1340/1340 1341/1341 1354/1354
f 1341/1341 1344/1344 1354/1354
f 1355/1355 1356/1356 1357/1357
f 1358/1358 1348/1348 1359/1359
f 1342/1342 1343/1343 1359/1359
f 1346/1346 1342/1342 1359/1359
f 1348/1348 1346/1346 1359/1359
f 1148/1148 1326/1326 1360/1360
f 1310/1310 1148/1148 1360/1360
f 1311/1311 1310/1310 1360/1360
f 1361/1361 1362/1362 1363/1363
f 1345/1345 1351/1351 1364/1364
f 1090/1090 1353/1353 1364/1364
f 1353/1353 1344/1344 1364/1364
f 1344/1344 1345/1345 1364/1364
f 1364/1364 1351/1351 1365/1365
f 1351/1351 1238/1238 1365/1365
f 1238/1238 1262/1262 1365/1365
f 1262/1262 1090/1090 1365/1365
f 1090/1090 1364/1364 1365/1365
f 1330/1330 1331/1331 1366/1366
f 639/639 1263/1263 1366/1366
f 1263/1263 1330/1330 1366/1366
f 1366/1366 1331/1331 1367/1367
f 1368/1368 1239/1239 1367/1367
f 1239/1239 639/639 1367/1367
f 639/639 1366/1366 1367/1367
f 1367/1367 1331/1331 1369/1369
f 1368/1368 1367/1367 1369/1369
f 1369/1369 1331/1331 1370/1370
f 1331/1331 1332/1332 1370/1370
f 1332/1332 1371/1371 1370/1370
f 1372/1372 1369/1369 1370/1370
f 1368/1368 1369/1369 1373/1373
f 1369/1369 1372/1372 1373/1373
f 1368/1368 1373/1373 1374/1374
f 1373/1373 1372/1372 1375/1375
f 1376/1376 1374/1374 1375/1375
f 1374/1374 1373/1373 1375/1375
f 1377/1377 1374/1374 1378/1378
f 1374/1374 1376/1376 1378/1378
f 1375/1375 1372/1372 1379/1379
f 1380/1380 1375/1375 1379/1379
f 1378/1378 1376/1376 1381/1381
f 1378/1378 1381/1381 1382/1382
f 1381/1381 1383/1383 1382/1382
f 1384/1384 1382/1382 1385/1385
f 1382/1382 1383/1383 1385/1385
f 1384/1384 1385/1385 1386/1386
f 1383/1383 1381/1381 1387/1387
f 1387/1387 1388/1388 1389/1389
f 1390/1390 1391/1391 1392/1392
f 1388/1388 1387/1387 1393/1393
f 1381/1381 1376/1376 1393/1393
f 1387/1387 1381/1381 1393/1393
f 1382/1382 1384/1384 1394/1394
f 1377/1377 1378/1378 1394/1394
f 1378/1378 1382/1382 1394/1394
f 1377/1377 1394/1394 1395/1395
f 1388/1388 1393/1393 1396/1396
f 1396/1396 1380/1380 1397/1397
f 1379/1379 1398/1398 1399/1399
f 1400/1400 1397/1397 1399/1399
f 1380/1380 1379/1379 1399/1399
f 1397/1397 1380/1380 1399/1399
f 1400/1400 1399/1399 1401/1401
f 1399/1399 1398/1398 1401/1401
f 1388/1388 1396/1396 1402/1402
f 1396/1396 1397/1397 1402/1402
f 1402/1402 1403/1403 1404/1404
f 1401/1401 1398/1398 1405/1405
f 1405/1405 1406/1406 1407/1407
f 1408/1408 1409/1409 1407/1407
f 1372/1372 1370/1370 1410/1410
f 1370/1370 1371/1371 1410/1410
f 1398/1398 1379/1379 1410/1410
f 1379/1379 1372/1372 1410/1410
f 1398/1398 1410/1410 1411/1411
f 1410/1410 1371/1371 1411/1411
f 1405/1405 1398/1398 1411/1411
f 1411/1411 1371/1371 1412/1412
f 1309/1309 1406/1406 1412/1412
f 1406/1406 1405/1405 1412/1412
f 1405/1405 1411/1411 1412/1412
f 1412/1412 1371/1371 1413/1413
f 1371/1371 1332/1332 1413/1413
f 1332/1332 1310/1310 1413/1413
f 1310/1310 1309/1309 1413/1413
f 1309/1309 1412/1412 1413/1413
f 1397/1397 1400/1400 1414/1414
f 1403/1403 1402/1402 1414/1414
f 1402/1402 1397/1397 1414/1414
f 1414/1414 1400/1400 1415/1415
f 1416/1416 1417/1417 1415/1415
f 1415/1415 1417/1417 1418/1418
f 1417/1417 1419/1419 1418/1418
f 1403/1403 1414/1414 1418/1418
f 1414/1414 1415/1415 1418/1418
f 1403/1403 1418/1418 1420/1420
f 1418/1418 1419/1419 1420/1420
f 1420/1420 1419/1419 1421/1421
f 1421/1421 1390/1390 1422/1422
f 1390/1390 1392/1392 1422/1422
f 1420/1420 1421/1421 1422/1422
f 1423/1423 1386/1386 1424/1424
f 1424/1424 1425/1425 1426/1426
f 1386/1386 1423/1423 1427/1427
f 1384/1384 1386/1386 1427/1427
f 1427/1427 1423/1423 1428/1428
f 1423/1423 1424/1424 1429/1429
f 1424/1424 1426/1426 1429/1429
f 1426/1426 1430/1430 1429/1429
f 1429/1429 1430/1430 1431/1431
f 1423/1423 1429/1429 1432/1432
f 1429/1429 1431/1431 1432/1432
f 1428/1428 1423/1423 1432/1432
f 1432/1432 1431/1431 1433/1433
f 1428/1428 1432/1432 1433/1433
f 1428/1428 1433/1433 1434/1434
f 1433/1433 1435/1435 1434/1434
f 1434/1434 1435/1435 1436/1436
f 1436/1436 1435/1435 1437/1437
f 1436/1436 1438/1438 1439/1439
f 1434/1434 1436/1436 1439/1439
f 1428/1428 1434/1434 1439/1439
f 1438/1438 1436/1436 1440/1440
f 1436/1436 1437/1437 1440/1440
f 1437/1437 1245/1245 1440/1440
f 1198/1198 1323/1323 1441/1441
f 1323/1323 1439/1439 1441/1441
f 1439/1439 1438/1438 1441/1441
f 1441/1441 1438/1438 1442/1442
f 1197/1197 1015/1015 1442/1442
f 1015/1015 1198/1198 1442/1442
f 1198/1198 1441/1441 1442/1442
f 1438/1438 1440/1440 1443/1443
f 1197/1197 1442/1442 1443/1443
f 1442/1442 1438/1438 1443/1443
f 1245/1245 1197/1197 1443/1443
f 1440/1440 1245/1245 1443/1443
f 1444/1444 1445/1445 1446/1446
f 1446/1446 1447/1447 1448/1448
f 1449/1449 1355/1355 1450/1450
f 1451/1451 1449/1449 1452/1452
f 1449/1449 1450/1450 1452/1452
f 1450/1450 1453/1453 1452/1452
f 43/43 51/51 1454/1454
f 51/51 637/637 1454/1454
f 1067/1067 43/43 1454/1454
f 1455/1455 1352/1352 1456/1456
f 1457/1457 1456/1456 1458/1458
f 1455/1455 1456/1456 1459/1459
f 1456/1456 1457/1457 1459/1459
f 1460/1460 1459/1459 1461/1461
f 1459/1459 1457/1457 1461/1461
f 1461/1461 1457/1457 1462/1462
f 1462/1462 1463/1463 1464/1464
f 1460/1460 1461/1461 1465/1465
f 1465/1465 1466/1466 1467/1467
f 1267/1267 1248/1248 1467/1467
f 1455/1455 1459/1459 1468/1468
f 1459/1459 1460/1460 1468/1468
f 1237/1237 1238/1238 1468/1468
f 1465/1465 1461/1461 1469/1469
f 1461/1461 1462/1462 1469/1469
f 1462/1462 1464/1464 1469/1469
f 1464/1464 1466/1466 1469/1469
f 1466/1466 1465/1465 1469/1469
f 1292/1292 1242/1242 1470/1470
f 1242/1242 1256/1256 1470/1470
f 1383/1383 1387/1387 1471/1471
f 1387/1387 1389/1389 1471/1471
f 1389/1389 1472/1472 1473/1473
f 1471/1471 1389/1389 1473/1473
f 1474/1474 1473/1473 1475/1475
f 1476/1476 1477/1477 1475/1475
f 1472/1472 1476/1476 1475/1475
f 1473/1473 1472/1472 1475/1475
f 1383/1383 1471/1471 1478/1478
f 1471/1471 1473/1473 1478/1478
f 1473/1473 1474/1474 1478/1478
f 1478/1478 1474/1474 1479/1479
f 1385/1385 1383/1383 1479/1479
f 1383/1383 1478/1478 1479/1479
f 1385/1385 1479/1479 1480/1480
f 1386/1386 1385/1385 1480/1480
f 1425/1425 1424/1424 1480/1480
f 1424/1424 1386/1386 1480/1480
f 1479/1479 1474/1474 1481/1481
f 1425/1425 1480/1480 1481/1481
f 1480/1480 1479/1479 1481/1481
f 1425/1425 1481/1481 1482/1482
f 1481/1481 1474/1474 1482/1482
f 1474/1474 1475/1475 1482/1482
f 1475/1475 1477/1477 1482/1482
f 1482/1482 1477/1477 1483/1483
f 1426/1426 1425/1425 1483/1483
f 1425/1425 1482/1482 1483/1483
f 1483/1483 1484/1484 1485/1485
f 1485/1485 1486/1486 1487/1487
f 1426/1426 1483/1483 1487/1487
f 1483/1483 1485/1485 1487/1487
f 1487/1487 1486/1486 1488/1488
f 1430/1430 1426/1426 1488/1488
f 1426/1426 1487/1487 1488/1488
f 1430/1430 1488/1488 1489/1489
f 1489/1489 1490/1490 1491/1491
f 1491/1491 1492/1492 1493/1493
f 1494/1494 1489/1489 1493/1493
f 1489/1489 1491/1491 1493/1493
f 1493/1493 1492/1492 1495/1495
f 1496/1496 1495/1495 1497/1497
f 1498/1498 1499/1499 1500/1500
f 1496/1496 1497/1497 1501/1501
f 1500/1500 1502/1502 1501/1501
f 1501/1501 1502/1502 1503/1503
f 1496/1496 1501/1501 1503/1503
f 1503/1503 1502/1502 1504/1504
f 1245/1245 1437/1437 1504/1504
f 1437/1437 1503/1503 1504/1504
f 1500/1500 1499/1499 1505/1505
f 1504/1504 1502/1502 1506/1506
f 1500/1500 1501/1501 1507/1507
f 1501/1501 1497/1497 1507/1507
f 1498/1498 1500/1500 1507/1507
f 1497/1497 1508/1508 1507/1507
f 1508/1508 1498/1498 1507/1507
f 1495/1495 1492/1492 1509/1509
f 1508/1508 1497/1497 1509/1509
f 1497/1497 1495/1495 1509/1509
f 1488/1488 1486/1486 1510/1510
f 1490/1490 1489/1489 1510/1510
f 1489/1489 1488/1488 1510/1510
f 1496/1496 1503/1503 1511/1511
f 1503/1503 1437/1437 1511/1511
f 1437/1437 1435/1435 1511/1511
f 1404/1404 1512/1512 1513/1513
f 1472/1472 1389/1389 1513/1513
f 1472/1472 1513/1513 1514/1514
f 1513/1513 1512/1512 1514/1514
f 1389/1389 1388/1388 1515/1515
f 1513/1513 1389/1389 1515/1515
f 1404/1404 1513/1513 1515/1515
f 1388/1388 1402/1402 1515/1515
f 1402/1402 1404/1404 1515/1515
f 1472/1472 1514/1514 1516/1516
f 1476/1476 1472/1472 1516/1516
f 1476/1476 1516/1516 1517/1517
f 1516/1516 1518/1518 1517/1517
f 1514/1514 1512/1512 1519/1519
f 1512/1512 1422/1422 1519/1519
f 1422/1422 1392/1392 1519/1519
f 1518/1518 1516/1516 1519/1519
f 1516/1516 1514/1514 1519/1519
f 1520/1520 1517/1517 1521/1521
f 1522/1522 1521/1521 1523/1523
f 1517/1517 1518/1518 1523/1523
f 1521/1521 1517/1517 1523/1523
f 1522/1522 1523/1523 1524/1524
f 1391/1391 1525/1525 1524/1524
f 1392/1392 1391/1391 1524/1524
f 1523/1523 1518/1518 1526/1526
f 1518/1518 1519/1519 1526/1526
f 1519/1519 1392/1392 1526/1526
f 1392/1392 1524/1524 1526/1526
f 1524/1524 1523/1523 1526/1526
f 1527/1527 1476/1476 1528/1528
f 1476/1476 1517/1517 1528/1528
f 1517/1517 1520/1520 1528/1528
f 1400/1400 1401/1401 1529/1529
f 1409/1409 1416/1416 1529/1529
f 1416/1416 1415/1415 1529/1529
f 1415/1415 1400/1400 1529/1529
f 1495/1495 1496/1496 1530/1530
f 1496/1496 1511/1511 1530/1530
f 1494/1494 1493/1493 1530/1530
f 1493/1493 1495/1495 1530/1530
f 1451/1451 1531/1531 1532/1532
f 1351/1351 1350/1350 1533/1533
f 1238/1238 1351/1351 1533/1533
f 1350/1350 1352/1352 1533/1533
f 1352/1352 1455/1455 1533/1533
f 1320/1320 1534/1534 1535/1535
f 1536/1536 1320/1320 1535/1535
f 1535/1535 1534/1534 1537/1537
f 1067/1067 1454/1454 1538/1538
f 1068/1068 1067/1067 1538/1538
f 1138/1138 1068/1068 1538/1538
f 637/637 1138/1138 1538/1538
f 1454/1454 637/637 1538/1538
f 1394/1394 1384/1384 1539/1539
f 1395/1395 1394/1394 1539/1539
f 1384/1384 1427/1427 1539/1539
f 1427/1427 1540/1540 1539/1539
f 19/19 18/18 1541/1541
f 1177/1177 1178/1178 1541/1541
f 18/18 1177/1177 1541/1541
f 19/19 1541/1541 1542/1542
f 1210/1210 1042/1042 1542/1542
f 1178/1178 1210/1210 1542/1542
f 1541/1541 1178/1178 1542/1542
f 19/19 1542/1542 1543/1543
f 1542/1542 1042/1042 1543/1543
f 1042/1042 36/36 1543/1543
f 36/36 21/21 1543/1543
f 21/21 19/19 1543/1543
f 1368/1368 1374/1374 1544/1544
f 1374/1374 1377/1377 1544/1544
f 1239/1239 1368/1368 1544/1544
f 1239/1239 1544/1544 1545/1545
f 1544/1544 1377/1377 1545/1545
f 1377/1377 1395/1395 1545/1545
f 1395/1395 1139/1139 1545/1545
f 1239/1239 1545/1545 1546/1546
f 1138/1138 638/638 1546/1546
f 638/638 1239/1239 1546/1546
f 1139/1139 1138/1138 1546/1546
f 1545/1545 1139/1139 1546/1546
f 1547/1547 1537/1537 1548/1548
f 1537/1537 1534/1534 1548/1548
f 1548/1548 1534/1534 1549/1549
f 1251/1251 1250/1250 1550/1550
f 1250/1250 1308/1308 1550/1550
f 1308/1308 1551/1551 1550/1550
f 1550/1550 1551/1551 1552/1552
f 1326/1326 1251/1251 1552/1552
f 1251/1251 1550/1550 1552/1552
f 1552/1552 1551/1551 1553/1553
f 1551/1551 1537/1537 1553/1553
f 1537/1537 1547/1547 1553/1553
f 1553/1553 1547/1547 1554/1554
f 1360/1360 1326/1326 1554/1554
f 1326/1326 1552/1552 1554/1554
f 1552/1552 1553/1553 1554/1554
f 1554/1554 1547/1547 1555/1555
f 1311/1311 1360/1360 1555/1555
f 1360/1360 1554/1554 1555/1555
f 1555/1555 1547/1547 1556/1556
f 1547/1547 1548/1548 1556/1556
f 1311/1311 1555/1555 1556/1556
f 1068/1068 1139/1139 1557/1557
f 1322/1322 1068/1068 1557/1557
f 1557/1557 1139/1139 1558/1558
f 1139/1139 1395/1395 1558/1558
f 1395/1395 1539/1539 1558/1558
f 1539/1539 1540/1540 1558/1558
f 1322/1322 1557/1557 1559/1559
f 1323/1323 1322/1322 1559/1559
f 1557/1557 1558/1558 1559/1559
f 1558/1558 1540/1540 1559/1559
f 1559/1559 1540/1540 1560/1560
f 1540/1540 1427/1427 1560/1560
f 1427/1427 1428/1428 1560/1560
f 1323/1323 1559/1559 1560/1560
f 1428/1428 1439/1439 1560/1560
f 1439/1439 1323/1323 1560/1560
f 1348/1348 1358/1358 1561/1561
f 1349/1349 1348/1348 1561/1561
f 1562/1562 1349/1349 1561/1561
f 1561/1561 1358/1358 1563/1563
f 1562/1562 1561/1561 1563/1563
f 1564/1564 1563/1563 1565/1565
f 1563/1563 1358/1358 1565/1565
f 1565/1565 1566/1566 1567/1567
f 1562/1562 1563/1563 1568/1568
f 1563/1563 1564/1564 1568/1568
f 1567/1567 1569/1569 1570/1570
f 1567/1567 1566/1566 1571/1571
f 1568/1568 1564/1564 1572/1572
f 1564/1564 1570/1570 1572/1572
f 1573/1573 1572/1572 1574/1574
f 1575/1575 1574/1574 1576/1576
f 1572/1572 1570/1570 1576/1576
f 1574/1574 1572/1572 1576/1576
f 1575/1575 1576/1576 1577/1577
f 1572/1572 1573/1573 1578/1578
f 1579/1579 1568/1568 1578/1578
f 1568/1568 1572/1572 1578/1578
f 1571/1571 1580/1580 1581/1581
f 1569/1569 1581/1581 1582/1582
f 1581/1581 1580/1580 1583/1583
f 1584/1584 1582/1582 1583/1583
f 1582/1582 1581/1581 1583/1583
f 1584/1584 1583/1583 1585/1585
f 1584/1584 1585/1585 1586/1586
f 1584/1584 1586/1586 1587/1587
f 1585/1585 1588/1588 1589/1589
f 1586/1586 1585/1585 1589/1589
f 1590/1590 1591/1591 1589/1589
f 1591/1591 1586/1586 1589/1589
f 1583/1583 1580/1580 1592/1592
f 1588/1588 1585/1585 1592/1592
f 1585/1585 1583/1583 1592/1592
f 1588/1588 1592/1592 1593/1593
f 1592/1592 1580/1580 1594/1594
f 1593/1593 1592/1592 1594/1594
f 1594/1594 1580/1580 1595/1595
f 1580/1580 1571/1571 1595/1595
f 1596/1596 1595/1595 1597/1597
f 1571/1571 1566/1566 1597/1597
f 1595/1595 1571/1571 1597/1597
f 1596/1596 1597/1597 1598/1598
f 1339/1339 1337/1337 1598/1598
f 1596/1596 1598/1598 1599/1599
f 1337/1337 1334/1334 1599/1599
f 1598/1598 1337/1337 1599/1599
f 1596/1596 1599/1599 1600/1600
f 1596/1596 1600/1600 1601/1601
f 1595/1595 1596/1596 1601/1601
f 1602/1602 1594/1594 1601/1601
f 1594/1594 1595/1595 1601/1601
f 1602/1602 1601/1601 1603/1603
f 1600/1600 1604/1604 1603/1603
f 1601/1601 1600/1600 1603/1603
f 1602/1602 1603/1603 1605/1605
f 1447/1447 1605/1605 1606/1606
f 1603/1603 1604/1604 1607/1607
f 1605/1605 1603/1603 1607/1607
f 1606/1606 1605/1605 1607/1607
f 1604/1604 1600/1600 1608/1608
f 1599/1599 1334/1334 1608/1608
f 1600/1600 1599/1599 1608/1608
f 1604/1604 1608/1608 1609/1609
f 1304/1304 1296/1296 1609/1609
f 1334/1334 1304/1304 1609/1609
f 1608/1608 1334/1334 1609/1609
f 1569/1569 1582/1582 1610/1610
f 1611/1611 1593/1593 1612/1612
f 1602/1602 1605/1605 1612/1612
f 1593/1593 1594/1594 1612/1612
f 1594/1594 1602/1602 1612/1612
f 1604/1604 1609/1609 1613/1613
f 1606/1606 1607/1607 1613/1613
f 1607/1607 1604/1604 1613/1613
f 1609/1609 1296/1296 1613/1613
f 1448/1448 1447/1447 1614/1614
f 1447/1447 1606/1606 1614/1614
f 1576/1576 1570/1570 1615/1615
f 1577/1577 1576/1576 1615/1615
f 1570/1570 1569/1569 1615/1615
f 1569/1569 1610/1610 1615/1615
f 1610/1610 1577/1577 1615/1615
f 1502/1502 1500/1500 1616/1616
f 1506/1506 1502/1502 1616/1616
f 1617/1617 1506/1506 1616/1616
f 1500/1500 1505/1505 1616/1616
f 1586/1586 1591/1591 1618/1618
f 1618/1618 1619/1619 1620/1620
f 1587/1587 1586/1586 1620/1620
f 1586/1586 1618/1618 1620/1620
f 1587/1587 1620/1620 1621/1621
f 1619/1619 1622/1622 1621/1621
f 1620/1620 1619/1619 1621/1621
f 1621/1621 1623/1623 1624/1624
f 1625/1625 1587/1587 1624/1624
f 1587/1587 1621/1621 1624/1624
f 1624/1624 1623/1623 1626/1626
f 1626/1626 1627/1627 1628/1628
f 1627/1627 1577/1577 1628/1628
f 1577/1577 1610/1610 1628/1628
f 1610/1610 1625/1625 1628/1628
f 1625/1625 1624/1624 1628/1628
f 1624/1624 1626/1626 1628/1628
f 1375/1375 1380/1380 1629/1629
f 1380/1380 1396/1396 1629/1629
f 1396/1396 1393/1393 1629/1629
f 1376/1376 1375/1375 1629/1629
f 1393/1393 1376/1376 1629/1629
f 1590/1590 1589/1589 1630/1630
f 1589/1589 1588/1588 1630/1630
f 1631/1631 1590/1590 1630/1630
f 1588/1588 1593/1593 1632/1632
f 1630/1630 1588/1588 1632/1632
f 1593/1593 1611/1611 1632/1632
f 1611/1611 1631/1631 1632/1632
f 1631/1631 1630/1630 1632/1632
f 41/41 27/27 1633/1633
f 27/27 1158/1158 1633/1633
f 1634/1634 66/66 1633/1633
f 66/66 41/41 1633/1633
f 1634/1634 1633/1633 1635/1635
f 1633/1633 1158/1158 1635/1635
f 1158/1158 1329/1329 1635/1635
f 1634/1634 1635/1635 1636/1636
f 1637/1637 1636/1636 1638/1638
f 1329/1329 1328/1328 1638/1638
f 1635/1635 1329/1329 1638/1638
f 1636/1636 1635/1635 1638/1638
f 1636/1636 1637/1637 1639/1639
f 1637/1637 1638/1638 1640/1640
f 1638/1638 1328/1328 1640/1640
f 1640/1640 1328/1328 1641/1641
f 1639/1639 1637/1637 1642/1642
f 1256/1256 1285/1285 1642/1642
f 1285/1285 1282/1282 1642/1642
f 1282/1282 1639/1639 1642/1642
f 1256/1256 1642/1642 1643/1643
f 1644/1644 1470/1470 1643/1643
f 1470/1470 1256/1256 1643/1643
f 1640/1640 1644/1644 1645/1645
f 1644/1644 1643/1643 1645/1645
f 1637/1637 1640/1640 1645/1645
f 1642/1642 1637/1637 1645/1645
f 1643/1643 1642/1642 1645/1645
f 1639/1639 1282/1282 1646/1646
f 1282/1282 1278/1278 1646/1646
f 1278/1278 1001/1001 1646/1646
f 66/66 1634/1634 1646/1646
f 1001/1001 66/66 1646/1646
f 1634/1634 1636/1636 1646/1646
f 1636/1636 1639/1639 1646/1646
f 1647/1647 1641/1641 1648/1648
f 1647/1647 1648/1648 1649/1649
f 1650/1650 1649/1649 1651/1651
f 1648/1648 1617/1617 1651/1651
f 1649/1649 1648/1648 1651/1651
f 1650/1650 1651/1651 1652/1652
f 1505/1505 1653/1653 1652/1652
f 1650/1650 1652/1652 1654/1654
f 1652/1652 1653/1653 1654/1654
f 1651/1651 1617/1617 1655/1655
f 1617/1617 1616/1616 1655/1655
f 1616/1616 1505/1505 1655/1655
f 1505/1505 1652/1652 1655/1655
f 1652/1652 1651/1651 1655/1655
f 1650/1650 1654/1654 1656/1656
f 1657/1657 1658/1658 1656/1656
f 1654/1654 1657/1657 1656/1656
f 1656/1656 1658/1658 1659/1659
f 1659/1659 1660/1660 1661/1661
f 1649/1649 1650/1650 1661/1661
f 1650/1650 1656/1656 1661/1661
f 1656/1656 1659/1659 1661/1661
f 1660/1660 1659/1659 1662/1662
f 1658/1658 1663/1663 1662/1662
f 1659/1659 1658/1658 1662/1662
f 1662/1662 1663/1663 1664/1664
f 1660/1660 1662/1662 1665/1665
f 1662/1662 1664/1664 1665/1665
f 1664/1664 1666/1666 1665/1665
f 1665/1665 1666/1666 1667/1667
f 1660/1660 1665/1665 1667/1667
f 1668/1668 1664/1664 1669/1669
f 1664/1664 1663/1663 1669/1669
f 1668/1668 1669/1669 1670/1670
f 1670/1670 1671/1671 1672/1672
f 1669/1669 1663/1663 1673/1673
f 1649/1649 1661/1661 1674/1674
f 1661/1661 1660/1660 1674/1674
f 1647/1647 1649/1649 1674/1674
f 1660/1660 1667/1667 1674/1674
f 1667/1667 1647/1647 1674/1674
f 1673/1673 1663/1663 1675/1675
f 1663/1663 1658/1658 1675/1675
f 1658/1658 1676/1676 1675/1675
f 1672/1672 1671/1671 1677/1677
f 1678/1678 1677/1677 1679/1679
f 1677/1677 1680/1680 1679/1679
f 1681/1681 1679/1679 1682/1682
f 1683/1683 1682/1682 1684/1684
f 1679/1679 1680/1680 1684/1684
f 1682/1682 1679/1679 1684/1684
f 1684/1684 1680/1680 1685/1685
f 1686/1686 1687/1687 1685/1685
f 1683/1683 1684/1684 1685/1685
f 1688/1688 1683/1683 1685/1685
f 1687/1687 1688/1688 1685/1685
f 1686/1686 1685/1685 1689/1689
f 1685/1685 1680/1680 1689/1689
f 1689/1689 1680/1680 1690/1690
f 1677/1677 1671/1671 1690/1690
f 1680/1680 1677/1677 1690/1690
f 1689/1689 1690/1690 1691/1691
f 1666/1666 1664/1664 1692/1692
f 1664/1664 1668/1668 1692/1692
f 1668/1668 1324/1324 1692/1692
f 1324/1324 1292/1292 1692/1692
f 1691/1691 1693/1693 1694/1694
f 1686/1686 1689/1689 1694/1694
f 1689/1689 1691/1691 1694/1694
f 1431/1431 1430/1430 1695/1695
f 1430/1430 1489/1489 1695/1695
f 1494/1494 1431/1431 1695/1695
f 1489/1489 1494/1494 1695/1695
f 1457/1457 1458/1458 1696/1696
f 1697/1697 1462/1462 1696/1696
f 1462/1462 1457/1457 1696/1696
f 1258/1258 1257/1257 1698/1698
f 1259/1259 1258/1258 1698/1698
f 1260/1260 1259/1259 1698/1698
f 1257/1257 1306/1306 1698/1698
f 1306/1306 1260/1260 1698/1698
f 1675/1675 1676/1676 1699/1699
f 1700/1700 1673/1673 1699/1699
f 1673/1673 1675/1675 1699/1699
f 1244/1244 1324/1324 1701/1701
f 1324/1324 1702/1702 1701/1701
f 1703/1703 1701/1701 1704/1704
f 1701/1701 1702/1702 1704/1704
f 1705/1705 1704/1704 1706/1706
f 1704/1704 1702/1702 1706/1706
f 1705/1705 1706/1706 1707/1707
f 1706/1706 1678/1678 1707/1707
f 1705/1705 1707/1707 1708/1708
f 1705/1705 1708/1708 1709/1709
f 1703/1703 1704/1704 1710/1710
f 1704/1704 1705/1705 1710/1710
f 1705/1705 1709/1709 1710/1710
f 1709/1709 1711/1711 1710/1710
f 1712/1712 1709/1709 1713/1713
f 1708/1708 1714/1714 1713/1713
f 1709/1709 1708/1708 1713/1713
f 1703/1703 1710/1710 1715/1715
f 1710/1710 1711/1711 1715/1715
f 1715/1715 1711/1711 1716/1716
f 1286/1286 1192/1192 1716/1716
f 1192/1192 1715/1715 1716/1716
f 1716/1716 1711/1711 1717/1717
f 1363/1363 1718/1718 1717/1717
f 1703/1703 1715/1715 1719/1719
f 1715/1715 1192/1192 1719/1719
f 1192/1192 1243/1243 1719/1719
f 1714/1714 1708/1708 1720/1720
f 1708/1708 1707/1707 1720/1720
f 1702/1702 1672/1672 1721/1721
f 1706/1706 1702/1702 1721/1721
f 1678/1678 1706/1706 1721/1721
f 1672/1672 1677/1677 1721/1721
f 1677/1677 1678/1678 1721/1721
f 1712/1712 1361/1361 1722/1722
f 1709/1709 1712/1712 1722/1722
f 1711/1711 1709/1709 1722/1722
f 1700/1700 1723/1723 1724/1724
f 1673/1673 1700/1700 1724/1724
f 1723/1723 1693/1693 1725/1725
f 1693/1693 1691/1691 1725/1725
f 1691/1691 1726/1726 1725/1725
f 1726/1726 1724/1724 1725/1725
f 1724/1724 1723/1723 1725/1725
f 1448/1448 1614/1614 1727/1727
f 1614/1614 1295/1295 1727/1727
f 1295/1295 1728/1728 1727/1727
f 1448/1448 1727/1727 1729/1729
f 1727/1727 1728/1728 1729/1729
f 1730/1730 1729/1729 1731/1731
f 1729/1729 1728/1728 1731/1731
f 1730/1730 1731/1731 1732/1732
f 1731/1731 1718/1718 1732/1732
f 1718/1718 1363/1363 1732/1732
f 1362/1362 1733/1733 1734/1734
f 1363/1363 1362/1362 1734/1734
f 1732/1732 1363/1363 1734/1734
f 1730/1730 1732/1732 1734/1734
f 1735/1735 1736/1736 1737/1737
f 1737/1737 1736/1736 1738/1738
f 1739/1739 1740/1740 1738/1738
f 1741/1741 1742/1742 1743/1743
f 1738/1738 1736/1736 1743/1743
f 1739/1739 1738/1738 1743/1743
f 1742/1742 1744/1744 1745/1745
f 1739/1739 1743/1743 1745/1745
f 1743/1743 1742/1742 1745/1745
f 1741/1741 1743/1743 1746/1746
f 1743/1743 1736/1736 1746/1746
f 1746/1746 1736/1736 1747/1747
f 1532/1532 1531/1531 1747/1747
f 1736/1736 1735/1735 1747/1747
f 1735/1735 1532/1532 1747/1747
f 1748/1748 1737/1737 1749/1749
f 1737/1737 1738/1738 1749/1749
f 1738/1738 1740/1740 1749/1749
f 1748/1748 1749/1749 1750/1750
f 1740/1740 1751/1751 1750/1750
f 1749/1749 1740/1740 1750/1750
f 1750/1750 1751/1751 1752/1752
f 1751/1751 1316/1316 1752/1752
f 1174/1174 1246/1246 1753/1753
f 1246/1246 1754/1754 1753/1753
f 1328/1328 1174/1174 1753/1753
f 1754/1754 1641/1641 1753/1753
f 1641/1641 1328/1328 1753/1753
f 1238/1238 1533/1533 1755/1755
f 1533/1533 1455/1455 1755/1755
f 1455/1455 1468/1468 1755/1755
f 1468/1468 1238/1238 1755/1755
f 1460/1460 1465/1465 1756/1756
f 1465/1465 1467/1467 1756/1756
f 1467/1467 1248/1248 1756/1756
f 1460/1460 1756/1756 1757/1757
f 1237/1237 1468/1468 1757/1757
f 1468/1468 1460/1460 1757/1757
f 1248/1248 1237/1237 1757/1757
f 1756/1756 1248/1248 1757/1757
f 1679/1679 1681/1681 1758/1758
f 1758/1758 1759/1759 1760/1760
f 1707/1707 1678/1678 1760/1760
f 1759/1759 1720/1720 1760/1760
f 1720/1720 1707/1707 1760/1760
f 1678/1678 1679/1679 1760/1760
f 1679/1679 1758/1758 1760/1760
f 1623/1623 1621/1621 1761/1761
f 1621/1621 1622/1622 1761/1761
f 1741/1741 1746/1746 1762/1762
f 1763/1763 1444/1444 1764/1764
f 1444/1444 1446/1446 1764/1764
f 1446/1446 1448/1448 1764/1764
f 1448/1448 1729/1729 1764/1764
f 1729/1729 1730/1730 1764/1764
f 1506/1506 1617/1617 1765/1765
f 1617/1617 1648/1648 1765/1765
f 1641/1641 1754/1754 1765/1765
f 1648/1648 1641/1641 1765/1765
f 1697/1697 1696/1696 1766/1766
f 1767/1767 1766/1766 1768/1768
f 1766/1766 1696/1696 1768/1768
f 1696/1696 1458/1458 1768/1768
f 1767/1767 1768/1768 1769/1769
f 1458/1458 1770/1770 1769/1769
f 1768/1768 1458/1458 1769/1769
f 1769/1769 1770/1770 1771/1771
f 1579/1579 1772/1772 1773/1773
f 1562/1562 1568/1568 1773/1773
f 1568/1568 1579/1579 1773/1773
f 1767/1767 1769/1769 1774/1774
f 1769/1769 1771/1771 1774/1774
f 1771/1771 1775/1775 1774/1774
f 1562/1562 1773/1773 1776/1776
f 1773/1773 1772/1772 1776/1776
f 1775/1775 1771/1771 1776/1776
f 1772/1772 1775/1775 1776/1776
f 1776/1776 1771/1771 1777/1777
f 1770/1770 1349/1349 1777/1777
f 1771/1771 1770/1770 1777/1777
f 1349/1349 1562/1562 1777/1777
f 1562/1562 1776/1776 1777/1777
f 1717/1717 1711/1711 1778/1778
f 1711/1711 1722/1722 1778/1778
f 1363/1363 1717/1717 1778/1778
f 1361/1361 1363/1363 1778/1778
f 1722/1722 1361/1361 1778/1778
f 1672/1672 1702/1702 1779/1779
f 1702/1702 1324/1324 1779/1779
f 1324/1324 1668/1668 1779/1779
f 1668/1668 1670/1670 1779/1779
f 1670/1670 1672/1672 1779/1779
f 1343/1343 1339/1339 1780/1780
f 1566/1566 1565/1565 1780/1780
f 1657/1657 1654/1654 1781/1781
f 1654/1654 1653/1653 1781/1781
f 1352/1352 1347/1347 1782/1782
f 1347/1347 1349/1349 1782/1782
f 1349/1349 1770/1770 1782/1782
f 1352/1352 1782/1782 1783/1783
f 1456/1456 1352/1352 1783/1783
f 1458/1458 1456/1456 1783/1783
f 1770/1770 1458/1458 1783/1783
f 1782/1782 1770/1770 1783/1783
f 1548/1548 1549/1549 1784/1784
f 1785/1785 1556/1556 1784/1784
f 1556/1556 1548/1548 1784/1784
f 1314/1314 1785/1785 1784/1784
f 1549/1549 1314/1314 1784/1784
f 1752/1752 1319/1319 1786/1786
f 1748/1748 1750/1750 1786/1786
f 1750/1750 1752/1752 1786/1786
f 1786/1786 1319/1319 1787/1787
f 1787/1787 1319/1319 1788/1788
f 1319/1319 1320/1320 1788/1788
f 1320/1320 1536/1536 1788/1788
f 1789/1789 1787/1787 1790/1790
f 1787/1787 1788/1788 1790/1790
f 1788/1788 1536/1536 1790/1790
f 1790/1790 1536/1536 1791/1791
f 1536/1536 1792/1792 1791/1791
f 1791/1791 1793/1793 1794/1794
f 1789/1789 1790/1790 1794/1794
f 1790/1790 1791/1791 1794/1794
f 1794/1794 1793/1793 1795/1795
f 1451/1451 1532/1532 1795/1795
f 1451/1451 1795/1795 1796/1796
f 1797/1797 1449/1449 1796/1796
f 1449/1449 1451/1451 1796/1796
f 1797/1797 1796/1796 1798/1798
f 1795/1795 1793/1793 1798/1798
f 1796/1796 1795/1795 1798/1798
f 1798/1798 1793/1793 1799/1799
f 1793/1793 1791/1791 1799/1799
f 1791/1791 1792/1792 1799/1799
f 1787/1787 1789/1789 1800/1800
f 1789/1789 1735/1735 1800/1800
f 1735/1735 1737/1737 1800/1800
f 1737/1737 1748/1748 1800/1800
f 1748/1748 1786/1786 1800/1800
f 1786/1786 1787/1787 1800/1800
f 1789/1789 1794/1794 1801/1801
f 1532/1532 1735/1735 1801/1801
f 1735/1735 1789/1789 1801/1801
f 1794/1794 1795/1795 1801/1801
f 1795/1795 1532/1532 1801/1801
f 1797/1797 1798/1798 1802/1802
f 1798/1798 1799/1799 1802/1802
f 1799/1799 1803/1803 1802/1802
f 1797/1797 1802/1802 1804/1804
f 1802/1802 1803/1803 1804/1804
f 1804/1804 1805/1805 1806/1806
f 1356/1356 1355/1355 1806/1806
f 1803/1803 1799/1799 1807/1807
f 1792/1792 1261/1261 1807/1807
f 1799/1799 1792/1792 1807/1807
f 1803/1803 1807/1807 1808/1808
f 1807/1807 1261/1261 1808/1808
f 1261/1261 1260/1260 1808/1808
f 1803/1803 1808/1808 1809/1809
f 1805/1805 1804/1804 1809/1809
f 1804/1804 1803/1803 1809/1809
f 1307/1307 1809/1809 1810/1810
f 1809/1809 1808/1808 1810/1810
f 1260/1260 1307/1307 1810/1810
f 1808/1808 1260/1260 1810/1810
f 1806/1806 1355/1355 1811/1811
f 1355/1355 1449/1449 1811/1811
f 1449/1449 1797/1797 1811/1811
f 1797/1797 1804/1804 1811/1811
f 1804/1804 1806/1806 1811/1811
f 1314/1314 1313/1313 1812/1812
f 1785/1785 1314/1314 1812/1812
f 1647/1647 1667/1667 1813/1813
f 1667/1667 1644/1644 1813/1813
f 1644/1644 1640/1640 1813/1813
f 1641/1641 1647/1647 1814/1814
f 1647/1647 1813/1813 1814/1814
f 1640/1640 1641/1641 1814/1814
f 1813/1813 1640/1640 1814/1814
f 1815/1815 1293/1293 1816/1816
f 1293/1293 1082/1082 1816/1816
f 1815/1815 1816/1816 1817/1817
f 1190/1190 1286/1286 1817/1817
f 1082/1082 1190/1190 1817/1817
f 1816/1816 1082/1082 1817/1817
f 1728/1728 1815/1815 1818/1818
f 1815/1815 1817/1817 1818/1818
f 1817/1817 1286/1286 1818/1818
f 1728/1728 1818/1818 1819/1819
f 1718/1718 1731/1731 1819/1819
f 1731/1731 1728/1728 1819/1819
f 1818/1818 1286/1286 1819/1819
f 1357/1357 1466/1466 1820/1820
f 1466/1466 1464/1464 1820/1820
f 1821/1821 1822/1822 1823/1823
f 1355/1355 1357/1357 1824/1824
f 1357/1357 1823/1823 1824/1824
f 1450/1450 1355/1355 1824/1824
f 1825/1825 1821/1821 1826/1826
f 1821/1821 1823/1823 1826/1826
f 1357/1357 1820/1820 1826/1826
f 1823/1823 1357/1357 1826/1826
f 1823/1823 1822/1822 1827/1827
f 1450/1450 1824/1824 1827/1827
f 1824/1824 1823/1823 1827/1827
f 1827/1827 1822/1822 1828/1828
f 1453/1453 1450/1450 1828/1828
f 1450/1450 1827/1827 1828/1828
f 1464/1464 1463/1463 1829/1829
f 1829/1829 1825/1825 1830/1830
f 1825/1825 1826/1826 1830/1830
f 1826/1826 1820/1820 1830/1830
f 1820/1820 1464/1464 1830/1830
f 1464/1464 1829/1829 1830/1830
f 1358/1358 1359/1359 1831/1831
f 1359/1359 1343/1343 1831/1831
f 1343/1343 1780/1780 1831/1831
f 1565/1565 1358/1358 1831/1831
f 1780/1780 1565/1565 1831/1831
f 1484/1484 1483/1483 1832/1832
f 1527/1527 1832/1832 1833/1833
f 1477/1477 1476/1476 1833/1833
f 1476/1476 1527/1527 1833/1833
f 1483/1483 1477/1477 1833/1833
f 1832/1832 1483/1483 1833/1833
f 1529/1529 1401/1401 1834/1834
f 1401/1401 1405/1405 1834/1834
f 1405/1405 1407/1407 1834/1834
f 1407/1407 1409/1409 1834/1834
f 1409/1409 1529/1529 1834/1834
f 1611/1611 1612/1612 1835/1835
f 1612/1612 1605/1605 1835/1835
f 1611/1611 1835/1835 1836/1836
f 1835/1835 1837/1837 1836/1836
f 1838/1838 1836/1836 1839/1839
f 1445/1445 1839/1839 1840/1840
f 1446/1446 1445/1445 1840/1840
f 1836/1836 1837/1837 1840/1840
f 1839/1839 1836/1836 1840/1840
f 1836/1836 1838/1838 1841/1841
f 1631/1631 1611/1611 1841/1841
f 1611/1611 1836/1836 1841/1841
f 1446/1446 1840/1840 1842/1842
f 1840/1840 1837/1837 1842/1842
f 1447/1447 1446/1446 1842/1842
f 1842/1842 1837/1837 1843/1843
f 1837/1837 1835/1835 1843/1843
f 1835/1835 1605/1605 1843/1843
f 1605/1605 1447/1447 1843/1843
f 1447/1447 1842/1842 1843/1843
f 1470/1470 1644/1644 1844/1844
f 1644/1644 1667/1667 1844/1844
f 1667/1667 1666/1666 1844/1844
f 1292/1292 1470/1470 1845/1845
f 1470/1470 1844/1844 1845/1845
f 1844/1844 1666/1666 1845/1845
f 1666/1666 1692/1692 1845/1845
f 1692/1692 1292/1292 1845/1845
f 1567/1567 1571/1571 1846/1846
f 1571/1571 1581/1581 1846/1846
f 1569/1569 1567/1567 1846/1846
f 1581/1581 1569/1569 1846/1846
f 1339/1339 1598/1598 1847/1847
f 1598/1598 1597/1597 1847/1847
f 1597/1597 1566/1566 1847/1847
f 1566/1566 1780/1780 1847/1847
f 1780/1780 1339/1339 1847/1847
f 1848/1848 1408/1408 1849/1849
f 1848/1848 1849/1849 1850/1850
f 1851/1851 1812/1812 1850/1850
f 1848/1848 1850/1850 1852/1852
f 1812/1812 1313/1313 1852/1852
f 1850/1850 1812/1812 1852/1852
f 1306/1306 1257/1257 1853/1853
f 1234/1234 1306/1306 1853/1853
f 1853/1853 899/899 1854/1854
f 899/899 897/897 1854/1854
f 897/897 898/898 1854/1854
f 898/898 1234/1234 1854/1854
f 1234/1234 1853/1853 1854/1854
f 987/987 986/986 1855/1855
f 986/986 14/14 1855/1855
f 14/14 13/13 1855/1855
f 13/13 899/899 1855/1855
f 1257/1257 987/987 1856/1856
f 987/987 1855/1855 1856/1856
f 1855/1855 899/899 1856/1856
f 899/899 1853/1853 1856/1856
f 1853/1853 1257/1257 1856/1856
f 1286/1286 1716/1716 1857/1857
f 1716/1716 1717/1717 1857/1857
f 1717/1717 1718/1718 1857/1857
f 1718/1718 1819/1819 1857/1857
f 1819/1819 1286/1286 1857/1857
f 1408/1408 1407/1407 1858/1858
f 1849/1849 1408/1408 1858/1858
f 1407/1407 1406/1406 1858/1858
f 1406/1406 1849/1849 1858/1858
f 1703/1703 1719/1719 1859/1859
f 1244/1244 1701/1701 1859/1859
f 1701/1701 1703/1703 1859/1859
f 1243/1243 1244/1244 1859/1859
f 1719/1719 1243/1243 1859/1859
f 1536/1536 1535/1535 1860/1860
f 1861/1861 1792/1792 1860/1860
f 1792/1792 1536/1536 1860/1860
f 1341/1341 1338/1338 1862/1862
f 1343/1343 1341/1341 1862/1862
f 1338/1338 1339/1339 1862/1862
f 1339/1339 1343/1343 1862/1862
f 1318/1318 1319/1319 1863/1863
f 1319/1319 1752/1752 1863/1863
f 1316/1316 1318/1318 1863/1863
f 1752/1752 1316/1316 1863/1863
f 1154/1154 1153/1153 1864/1864
f 1153/1153 1303/1303 1864/1864
f 1303/1303 1305/1305 1864/1864
f 1183/1183 1154/1154 1864/1864
f 1305/1305 1183/1183 1864/1864
f 1504/1504 1506/1506 1865/1865
f 1754/1754 1246/1246 1865/1865
f 1246/1246 1245/1245 1865/1865
f 1245/1245 1504/1504 1865/1865
f 1506/1506 1765/1765 1865/1865
f 1765/1765 1754/1754 1865/1865
f 1305/1305 1333/1333 1866/1866
f 1333/1333 1335/1335 1866/1866
f 1183/1183 1305/1305 1866/1866
f 1866/1866 1335/1335 1867/1867
f 1335/1335 1270/1270 1867/1867
f 1270/1270 1220/1220 1867/1867
f 1220/1220 1183/1183 1867/1867
f 1183/1183 1866/1866 1867/1867
f 1522/1522 1524/1524 1868/1868
f 1524/1524 1525/1525 1868/1868
f 1467/1467 1466/1466 1869/1869
f 1466/1466 1357/1357 1869/1869
f 1357/1357 1356/1356 1869/1869
f 1869/1869 1356/1356 1870/1870
f 1267/1267 1467/1467 1870/1870
f 1467/1467 1869/1869 1870/1870
f 1870/1870 1356/1356 1871/1871
f 1356/1356 1806/1806 1871/1871
f 1806/1806 1805/1805 1871/1871
f 1267/1267 1870/1870 1871/1871
f 1871/1871 1805/1805 1872/1872
f 1805/1805 1809/1809 1872/1872
f 1809/1809 1307/1307 1872/1872
f 1267/1267 1871/1871 1872/1872
f 1016/1016 1197/1197 1873/1873
f 1197/1197 1246/1246 1873/1873
f 1174/1174 1016/1016 1873/1873
f 1246/1246 1174/1174 1873/1873
f 1512/1512 1404/1404 1874/1874
f 1404/1404 1403/1403 1874/1874
f 1403/1403 1420/1420 1874/1874
f 1420/1420 1422/1422 1874/1874
f 1422/1422 1512/1512 1874/1874
f 1431/1431 1494/1494 1875/1875
f 1494/1494 1530/1530 1875/1875
f 1530/1530 1511/1511 1875/1875
f 1511/1511 1435/1435 1875/1875
f 1435/1435 1433/1433 1875/1875
f 1433/1433 1431/1431 1875/1875
f 1746/1746 1747/1747 1876/1876
f 1877/1877 1762/1762 1876/1876
f 1762/1762 1746/1746 1876/1876
f 1747/1747 1531/1531 1876/1876
f 1582/1582 1584/1584 1878/1878
f 1584/1584 1587/1587 1878/1878
f 1587/1587 1625/1625 1878/1878
f 1625/1625 1610/1610 1878/1878
f 1610/1610 1582/1582 1878/1878
f 1353/1353 1090/1090 1879/1879
f 1090/1090 1088/1088 1879/1879
f 1088/1088 1089/1089 1879/1879
f 1089/1089 1353/1353 1879/1879
f 1314/1314 1549/1549 1880/1880
f 1549/1549 1881/1881 1880/1880
f 1880/1880 1881/1881 1882/1882
f 1317/1317 1312/1312 1882/1882
f 1312/1312 1314/1314 1882/1882
f 1314/1314 1880/1880 1882/1882
f 1881/1881 1549/1549 1883/1883
f 1549/1549 1534/1534 1883/1883
f 1881/1881 1883/1883 1884/1884
f 1320/1320 1318/1318 1884/1884
f 1534/1534 1320/1320 1884/1884
f 1883/1883 1534/1534 1884/1884
f 1318/1318 1317/1317 1885/1885
f 1884/1884 1318/1318 1885/1885
f 1881/1881 1884/1884 1885/1885
f 1317/1317 1882/1882 1885/1885
f 1882/1882 1881/1881 1885/1885
f 1335/1335 1336/1336 1886/1886
f 1340/1340 1270/1270 1886/1886
f 1270/1270 1335/1335 1886/1886
f 1336/1336 1338/1338 1886/1886
f 1338/1338 1340/1340 1886/1886
f 1535/1535 1537/1537 1887/1887
f 1861/1861 1860/1860 1887/1887
f 1860/1860 1535/1535 1887/1887
f 1537/1537 1551/1551 1887/1887
f 1861/1861 1887/1887 1888/1888
f 1551/1551 1308/1308 1888/1888
f 1887/1887 1551/1551 1888/1888
f 1763/1763 1764/1764 1889/1889
f 1764/1764 1730/1730 1889/1889
f 1730/1730 1734/1734 1889/1889
f 1733/1733 1763/1763 1889/1889
f 1734/1734 1733/1733 1889/1889
f 1614/1614 1606/1606 1890/1890
f 1606/1606 1613/1613 1890/1890
f 1613/1613 1296/1296 1890/1890
f 1296/1296 1295/1295 1890/1890
f 1295/1295 1614/1614 1890/1890
f 1849/1849 1406/1406 1891/1891
f 1851/1851 1850/1850 1891/1891
f 1850/1850 1849/1849 1891/1891
f 1851/1851 1891/1891 1892/1892
f 1406/1406 1309/1309 1892/1892
f 1891/1891 1406/1406 1892/1892
f 1851/1851 1892/1892 1893/1893
f 1311/1311 1556/1556 1893/1893
f 1556/1556 1785/1785 1893/1893
f 1309/1309 1311/1311 1893/1893
f 1892/1892 1309/1309 1893/1893
f 1851/1851 1893/1893 1894/1894
f 1893/1893 1785/1785 1894/1894
f 1785/1785 1812/1812 1894/1894
f 1812/1812 1851/1851 1894/1894
f 1575/1575 1577/1577 1895/1895
f 1577/1577 1627/1627 1895/1895
f 1671/1671 1670/1670 1896/1896
f 1726/1726 1691/1691 1896/1896
f 1690/1690 1671/1671 1896/1896
f 1691/1691 1690/1690 1896/1896
f 1653/1653 1505/1505 1897/1897
f 1505/1505 1499/1499 1897/1897
f 1261/1261 1792/1792 1898/1898
f 1792/1792 1861/1861 1898/1898
f 1861/1861 1888/1888 1898/1898
f 1888/1888 1308/1308 1898/1898
f 1259/1259 1261/1261 1898/1898
f 1308/1308 1259/1259 1898/1898
f 1564/1564 1565/1565 1899/1899
f 1565/1565 1567/1567 1899/1899
f 1567/1567 1570/1570 1899/1899
f 1570/1570 1564/1564 1899/1899
f 1295/1295 1294/1294 1900/1900
f 1815/1815 1728/1728 1900/1900
f 1728/1728 1295/1295 1900/1900
f 1293/1293 1815/1815 1900/1900
f 1294/1294 1293/1293 1900/1900
f 1451/1451 1452/1452 1901/1901
f 1531/1531 1451/1451 1901/1901
f 1452/1452 1902/1902 1901/1901
f 1902/1902 1531/1531 1901/1901
f 1463/1463 1462/1462 1903/1903
f 1462/1462 1697/1697 1903/1903
f 1669/1669 1673/1673 1904/1904
f 1670/1670 1669/1669 1904/1904
f 1726/1726 1896/1896 1904/1904
f 1896/1896 1670/1670 1904/1904
f 1673/1673 1724/1724 1904/1904
f 1724/1724 1726/1726 1904/1904
f 1902/1902 1452/1452 1905/1905
f 1452/1452 1453/1453 1905/1905
f 1531/1531 1902/1902 1906/1906
f 1877/1877 1876/1876 1906/1906
f 1876/1876 1531/1531 1906/1906
f 1676/1676 1658/1658 1907/1907
f 1658/1658 1657/1657 1907/1907
f 1266/1266 1267/1267 1908/1908
f 1267/1267 1872/1872 1908/1908
f 1872/1872 1307/1307 1908/1908
f 1266/1266 1908/1908 1909/1909
f 1234/1234 1266/1266 1909/1909
f 1306/1306 1234/1234 1909/1909
f 1307/1307 1306/1306 1909/1909
f 1908/1908 1307/1307 1909/1909
